datetime,TLG_fnf,FOL_fnf,MRC_fnf,MIL_fnf,NML_fnf,ORO_fnf,MKM_fnf,BND_fnf,NHG_fnf,SHA_fnf,YRS_fnf,MED_swe,SDF_swe,SLT_swe,BKL_swe,HMB_swe,FOR_swe,RTL_swe,GRZ_swe,GOL_swe,CSL_swe,HYS_swe,SCN_swe,RBB_swe,RBP_swe,CAP_swe,BND_swe,ORO_swe,YRS_swe,FOL_swe,SHA_pr,ORO_pr,FOL_pr,SHA_tas,ORO_tas,FOL_tas,SHA_tasmax,ORO_tasmax,FOL_tasmax,SHA_tasmin,ORO_tasmin,FOL_tasmin,SHA_storage,FOL_storage,ORO_storage,DEL_in,DEL_out,Total_DEL_SODD,Total_SODD_from_RES,Total_pumped_from_DEL,Total_Shortage,DEL_X2
1951-10-01,,,,,,,,,,,,,,,,,,,,,,,,,,,,,,,,,,,,,,,,,,,,,,,,,,,,
1952-10-01,,,,,,,,,,,,,,,,,,,,,,,,,,,,,,,,,,,,,,,,,,,,,,,,,,,,
1953-10-01,,,,,,,,,,,,,,,,,,,,,,,,,,,,,,,,,,,,,,,,,,,,,,,,,,,,
1954-10-01,,,,,,,,,,,,,,,,,,,,,,,,,,,,,,,,,,,,,,,,,,,,,,,,,,,,
1955-10-01,,,,,,,,,,,,,,,,,,,,,,,,,,,,,,,,,,,,,,,,,,,,,,,,,,,,
1956-10-01,,,,,,,,,,,,,,,,,,,,,,,,,,,,,,,,,,,,,,,,,,,,,,,,,,,,
1957-10-01,,,,,,,,,,,,,,,,,,,,,,,,,,,,,,,,,,,,,,,,,,,,,,,,,,,,
1958-10-01,,,,,,,,,,,,,,,,,,,,,,,,,,,,,,,,,,,,,,,,,,,,,,,,,,,,
1959-10-01,,,,,,,,,,,,,,,,,,,,,,,,,,,,,,,,,,,,,,,,,,,,,,,,,,,,
1960-10-01,,,,,,,,,,,,,,,,,,,,,,,,,,,,,,,,,,,,,,,,,,,,,,,,,,,,
1961-10-01,,,,,,,,,,,,,,,,,,,,,,,,,,,,,,,,,,,,,,,,,,,,,,,,,,,,
1962-10-01,,,,,,,,,,,,,,,,,,,,,,,,,,,,,,,,,,,,,,,,,,,,,,,,,,,,
1963-10-01,,,,,,,,,,,,,,,,,,,,,,,,,,,,,,,,,,,,,,,,,,,,,,,,,,,,
1964-10-01,,,,,,,,,,,,,,,,,,,,,,,,,,,,,,,,,,,,,,,,,,,,,,,,,,,,
1965-10-01,,,,,,,,,,,,,,,,,,,,,,,,,,,,,,,,,,,,,,,,,,,,,,,,,,,,
1966-10-01,,,,,,,,,,,,,,,,,,,,,,,,,,,,,,,,,,,,,,,,,,,,,,,,,,,,
1967-10-01,,,,,,,,,,,,,,,,,,,,,,,,,,,,,,,,,,,,,,,,,,,,,,,,,,,,
1968-10-01,,,,,,,,,,,,,,,,,,,,,,,,,,,,,,,,,,,,,,,,,,,,,,,,,,,,
1969-10-01,,,,,,,,,,,,,,,,,,,,,,,,,,,,,,,,,,,,,,,,,,,,,,,,,,,,
1970-10-01,,,,,,,,,,,,,,,,,,,,,,,,,,,,,,,,,,,,,,,,,,,,,,,,,,,,
1971-10-01,,,,,,,,,,,,,,,,,,,,,,,,,,,,,,,,,,,,,,,,,,,,,,,,,,,,
1972-10-01,,,,,,,,,,,,,,,,,,,,,,,,,,,,,,,,,,,,,,,,,,,,,,,,,,,,
1973-10-01,,,,,,,,,,,,,,,,,,,,,,,,,,,,,,,,,,,,,,,,,,,,,,,,,,,,
1974-10-01,,,,,,,,,,,,,,,,,,,,,,,,,,,,,,,,,,,,,,,,,,,,,,,,,,,,
1975-10-01,,,,,,,,,,,,,,,,,,,,,,,,,,,,,,,,,,,,,,,,,,,,,,,,,,,,
1976-10-01,,,,,,,,,,,,,,,,,,,,,,,,,,,,,,,,,,,,,,,,,,,,,,,,,,,,
1977-10-01,,,,,,,,,,,,,,,,,,,,,,,,,,,,,,,,,,,,,,,,,,,,,,,,,,,,
1978-10-01,,,,,,,,,,,,,,,,,,,,,,,,,,,,,,,,,,,,,,,,,,,,,,,,,,,,
1979-10-01,,,,,,,,,,,,,,,,,,,,,,,,,,,,,,,,,,,,,,,,,,,,,,,,,,,,
1980-10-01,,,,,,,,,,,,,,,,,,,,,,,,,,,,,,,,,,,,,,,,,,,,,,,,,,,,
1981-10-01,,,,,,,,,,,,,,,,,,,,,,,,,,,,,,,,,,,,,,,,,,,,,,,,,,,,
1982-10-01,,,,,,,,,,,,,,,,,,,,,,,,,,,,,,,,,,,,,,,,,,,,,,,,,,,,
1983-10-01,,,,,,,,,,,,,,,,,,,,,,,,,,,,,,,,,,,,,,,,,,,,,,,,,,,,
1984-10-01,,,,,,,,,,,,,,,,,,,,,,,,,,,,,,,,,,,,,,,,,,,,,,,,,,,,
1985-10-01,,,,,,,,,,,,,,,,,,,,,,,,,,,,,,,,,,,,,,,,,,,,,,,,,,,,
1986-10-01,,,,,,,,,,,,,,,,,,,,,,,,,,,,,,,,,,,,,,,,,,,,,,,,,,,,
1987-10-01,,,,,,,,,,,,,,,,,,,,,,,,,,,,,,,,,,,,,,,,,,,,,,,,,,,,
1988-10-01,,,,,,,,,,,,,,,,,,,,,,,,,,,,,,,,,,,,,,,,,,,,,,,,,,,,
1989-10-01,,,,,,,,,,,,,,,,,,,,,,,,,,,,,,,,,,,,,,,,,,,,,,,,,,,,
1990-10-01,,,,,,,,,,,,,,,,,,,,,,,,,,,,,,,,,,,,,,,,,,,,,,,,,,,,
1991-10-01,,,,,,,,,,,,,,,,,,,,,,,,,,,,,,,,,,,,,,,,,,,,,,,,,,,,
1992-10-01,,,,,,,,,,,,,,,,,,,,,,,,,,,,,,,,,,,,,,,,,,,,,,,,,,,,
1993-10-01,,,,,,,,,,,,,,,,,,,,,,,,,,,,,,,,,,,,,,,,,,,,,,,,,,,,
1994-10-01,,,,,,,,,,,,,,,,,,,,,,,,,,,,,,,,,,,,,,,,,,,,,,,,,,,,
1995-10-01,,,,,,,,,,,,,,,,,,,,,,,,,,,,,,,,,,,,,,,,,,,,,,,,,,,,
1996-10-01,,,,,,,,,,,,,,,,,,,,,,,,,,,,,,,,,,,,,,,,,,,,,,,,,,,,
1997-10-01,,,,,,,,,,,,,,,,,,,,,,,,,,,,,,,,,,,,,,,,,,,,,,,,,,,,
1998-10-01,,,,,,,,,,,,,,,,,,,,,,,,,,,,,,,,,,,,,,,,,,,,,,,,,,,,
1999-10-01,,,,,,,,,,,,,,,,,,,,,,,,,,,,,,,,,,,,,,,,,,,,,,,,,,,,
2000-10-01,975675.8536,1702174.9074,551414.3756000001,870452.9476,539277.2573999999,1848294.081800001,416472.19639999996,3731956.870400001,311325.05919999996,3039132.1669999994,1312111.5916000002,26.24057464205255,757.2922144388353,108.1641352779996,155.50933697544798,101.15244202605898,35.119449494195784,69.5533140693291,107.10133091452957,174.64443952735283,280.3651821192367,323.8192911182139,237.58443469668362,114.52841113845527,114.52841113845527,251.73814901969192,38.65496639381939,66.32560064670726,164.48748964915342,105.09867532722302,31.891258259985875,38.527430205709436,52.37955014065291,14.226924171269873,15.45222734453307,15.961028647721884,20.843242458884152,22.5999153620025,23.072660019312888,7.610605874486458,8.304539339342908,8.849397281243107,2873.2172560823014,702.1706129022073,2240.325569940377,21619.85643390997,17570.552477375208,4530.181698306723,3181.6341912284643,4049.3039565347594,187.519134774132,75.1018012784003
2001-10-01,976219.8056000001,1696804.8116,552661.7270000001,872690.8934,538530.6451999999,1837946.159600001,415724.67939999996,3703919.1670000004,311283.616,3016957.242799999,1306029.1704000004,25.98262757047089,748.6601354012641,105.43427704800763,153.16434346074985,100.21216263819906,34.34523766173565,68.8844111973261,106.1647048365323,173.10264386724478,277.65420011487845,321.73071599034034,235.34342992494177,113.99994358424601,113.99994358424601,249.77508549870726,38.13630643162498,65.72903038022123,163.00799537006588,104.34971547359083,31.67859054636326,38.34264167411103,52.247086515394834,14.24535123670606,15.472122334153012,15.985578999023046,20.866116026063963,22.627168808885234,23.105488319820516,7.624586436127885,8.317075873117437,8.865669681526061,2848.8106031780258,701.0189225933384,2217.053959271179,21462.365649518022,17438.12070590932,4532.6771324556685,3141.1131125028246,4024.2449436086977,180.7714054882858,75.24976403842432
2002-10-01,959554.8108,1677082.8466,542539.478,856904.0427999998,531020.2581999999,1816413.125000001,410911.7954,3673547.2924,307016.03859999997,2991371.6885999995,1292393.5718000003,25.756530582419984,743.1828302592584,104.16945349876312,152.04381520356276,98.59219666454095,34.16349300349412,67.79856189911021,104.55634704533384,171.01693691950007,272.2499296920083,318.6601451799439,230.1095931863455,112.27019943627901,112.27019943627901,245.38978186197346,37.72212921292413,64.83315600043613,160.78622692994995,102.916744252686,31.518300751567082,38.096668447407296,51.90033309783107,14.272593155407892,15.503981239063835,16.019872697503732,20.896186711319984,22.663419218625528,23.14648284254232,7.6489995870140355,8.34454327024387,8.893262557822398,2838.092411599368,700.4173512800174,2210.9557502002235,21146.73963224529,17151.92975586497,4545.8386361766015,3139.624709036348,3994.8098763803237,180.7714054882858,75.34587742020906
2003-10-01,972740.756,1700435.7562,549493.2984000001,869737.6359999999,538063.4428,1845131.635000001,416452.7185999999,3690697.7811999996,311360.33139999997,3004547.400799999,1309325.2080000003,25.626028510809068,739.9769666080506,103.08876491746106,152.62310906942082,98.84885773677675,32.75709906891428,67.89209273052921,105.90539852636462,171.7486338684721,272.5338380593899,320.62820168657396,229.51446122355028,111.6085272876134,111.6085272876134,245.42460159157693,37.53658599664258,64.95532247137707,161.0891998788562,102.74773819440261,31.615383289781402,38.43297054144416,52.350688421182525,14.292320114010135,15.524947530303088,16.04222682263627,20.912724091612063,22.678682856381915,23.161129768557476,7.671916123304247,8.37121221220792,8.923323882165281,2830.0838638131263,699.984980957343,2214.291410629723,21399.138630180492,17398.377146643892,4550.58596364103,3136.9592722019,4000.7614835366003,180.7714054882858,75.31547375900993
2004-10-01,1001805.8876000002,1733020.0488000002,567006.3486,899158.0189999999,551713.6296,1874003.785400001,425800.5048,3706104.9091999996,319360.8328,3014295.835399999,1329834.3154000004,26.307660288794523,738.4971650978629,103.20268878049315,153.89730242712363,100.72788560988133,33.401615786302486,69.46543409221519,108.1466012284215,174.93582939626737,274.42350542991176,325.587905263903,231.6894896273681,112.5233272854918,112.5233272854918,248.260957800744,38.116515195038936,66.41467804422128,164.70840170414183,103.92461255704114,31.685363190958707,38.758927841359515,52.941122282545685,14.322551894813502,15.555069446531865,16.074687644199525,20.940391490247716,22.703699294565634,23.18502127430837,7.704712287502121,8.406439609665197,8.964354019444542,2840.9562313995716,699.4216917676217,2227.9187949910524,21826.58105881249,17799.7010670835,4522.929217515211,3114.3317791020213,4026.8799917289894,180.7714054882858,75.1709047271063
2005-10-01,989551.7824000001,1707403.1570000001,559806.3337999999,888709.7915999998,544331.3228,1832886.1478000013,420317.14879999997,3630538.3649999993,314236.27479999996,2954633.6801999994,1308349.5536000005,25.22173876994651,725.0296885607374,98.58427762803034,147.66076802106087,96.44752632804457,31.682240986786972,66.52628421280046,104.37316994098481,169.4169335438198,268.4524898132366,316.611740016342,226.076691249297,108.42901201923398,108.42901201923398,243.18043541485034,36.48370150758299,63.57225161301397,157.65918395250318,101.02983487728835,31.37003620301475,38.34056028705352,52.539018069690364,14.331647941729612,15.568467373086834,16.0877205677337,20.950399900185804,22.71977484255524,23.199822554270284,7.7128959707145075,8.417159914491128,8.975618587025444,2831.4349469002104,699.3440360278308,2227.040548025915,21215.904672745462,17221.552958734097,4540.206017998144,3125.905138179881,3994.3517140113668,180.7714054882858,75.36747507906571
2006-10-01,1008572.4948,1744718.9518000002,571376.5981999999,908769.4443999998,555041.4652,1874903.731000001,428997.7948,3678249.5079999994,321887.3218,2988346.9117999994,1335261.9686000005,25.628035733609032,726.4427953244988,99.6767822724504,149.50723544187403,97.9855543569769,31.6875324903013,67.94486282652588,107.15102247168633,173.33242228258524,272.3480684455652,322.7095201288306,228.83797845380428,109.68825638539641,109.68825638539641,246.74559560010246,36.81259988019109,64.90262431520001,160.95850833521862,102.37665423423441,31.50257128322966,38.767905353838536,53.15576071209336,14.357795887156117,15.595127373618476,16.113818102171404,20.97867113274832,22.746633473153647,23.224138169388652,7.736920628335875,8.443621283668378,9.00349803938749,2831.80137753603,699.2234456192787,2233.5624577669455,21792.145444143498,17774.17485718452,4520.866024507206,3112.8521314571017,4017.970586958979,170.65575699439194,75.16214236754013
2007-10-01,992945.0128,1722746.5732,560842.3348,894801.8473999999,546817.6445999999,1852834.7836000011,423326.03039999993,3650838.4015999995,317045.0676,2968041.482199999,1319642.2946000004,25.755326266645252,725.757511739485,100.87912086359275,149.5400932199395,98.31319521159921,31.841760929282927,68.27746496913662,107.42536353688473,173.55273062445883,271.2943616409899,322.9777891751026,228.79497205697058,110.14829476661276,110.14829476661276,246.30084670918663,37.03038885128469,65.17445408264474,161.63264619044622,102.42924201236715,31.410047585904753,38.55178713429726,52.80757299114576,14.360618301636789,15.613109887186159,16.132104204527593,20.98605775409806,22.77453916259525,23.25248477992652,7.7351788350601245,8.451680621844561,9.011723631563125,2824.448166778867,699.0061001396475,2231.0203830849982,21661.143421251294,17655.244819342497,4553.845552863033,3129.4002220268553,4005.8986019087965,171.13411143042612,75.27245739616896
2008-10-01,972787.5002,1688589.2766,548554.8424,880822.9495999998,535469.7039999999,1810849.8000000012,414484.29919999995,3574089.4289999995,309202.90020000003,2908425.831399999,1293521.7572000003,23.705108697986446,713.2902056887272,98.19637401810569,144.09952562827232,94.49015304313342,31.204948324647788,64.9166600128115,103.2499219038954,168.68900898324816,264.2822799756089,315.25934241385374,222.20128333847038,106.81083560021662,106.81083560021662,240.11895600274462,35.55516383412166,62.54541376772582,155.11262626618114,99.89632491715507,31.116405355237546,38.1074832703853,52.213605506098936,14.384149807906551,15.63485837964262,16.150148588615195,21.01834104302762,22.807985737681662,23.28441245088871,7.7499585612810575,8.46173103309097,9.015884727962291,2806.7097095521203,699.1887884891644,2212.8671651020863,21083.30237049258,17128.611705067528,4576.98127074472,3109.9954362965773,3954.690665425053,171.13411143042612,75.53239149316468
2009-10-01,943715.8788,1642023.5855999996,532223.112,850013.3315999998,519625.7699999999,1761615.7334000012,402432.0662,3484648.9442,300326.7246,2837191.7237999993,1259085.3162000002,23.258359584636374,695.6241137366931,94.21844113353092,140.09131310416896,91.90512638856359,30.072525385076265,63.127641423703146,100.27704015476291,163.99374430323417,257.63371747756867,304.761636739012,216.06460683862187,102.77134135629517,102.77134135629517,233.63516989802622,34.63005724517655,60.735636332785255,150.62437824531312,96.75650222386192,30.66673725707269,37.488112157688064,51.297605823328475,14.445357700979882,15.699641896080706,16.21193002929934,21.10085665944105,22.900054049913138,23.37430118356935,7.789858730543156,8.49922975412239,9.049558875251691,2765.550780973322,692.7288056881596,2183.4479844030734,20516.732357270095,16639.344730342553,4656.027104682342,3130.2211401274717,3877.387626927542,202.1878649026635,75.8644831370436
2010-10-01,944920.7274,1643985.9693999996,533326.0541999999,851191.0799999997,519797.79039999994,1773442.6558000012,402491.3853999999,3554667.555,300750.33640000003,2896746.1152,1262117.1356000004,23.151475759713108,702.2480192057775,94.3385912347615,141.88886159273363,93.2327548718525,29.809813059496765,64.07810933650774,102.24181158803141,165.50127584200152,259.2861904691462,308.7963221234749,217.15870601254656,102.712458602113,102.712458602113,234.92187355517646,35.08552134236939,61.63444289522039,152.8534184861692,97.29128968740935,30.994962408511615,37.65251130931191,51.363455103499604,14.455677974114687,15.713110388242445,16.2219166045305,21.112148165568186,22.91622391221615,23.387571867432744,7.799207771349144,8.50999687647986,9.056261340963797,2752.677507041738,688.9730839584149,2174.1732807520016,20744.604743742955,16886.76703098031,4661.539685424248,3126.7863243774987,3857.837712762648,202.1878649026635,75.90678767297399
2011-10-01,958819.9295999998,1664050.5011999998,542706.7102,865685.9267999998,526785.4307999999,1790655.2192000013,407638.9433999999,3573088.1436,305871.1044,2910320.8608,1273822.7524000003,23.19475573477119,705.2651241107462,94.58260025280357,141.48228702130731,93.49642085636003,30.048009355180803,64.20490174121916,102.476661774913,165.48610538426107,257.5097837808048,309.8518826106749,215.98161829883736,103.06159309958014,103.06159309958014,233.96195328202077,35.21788196773051,61.82306376053456,153.32119818635033,97.39209281852546,30.985981314510084,37.76295723528088,51.644019033324604,14.494894517006417,15.74907626393109,16.258602588684592,21.159462697616682,22.960388728189244,23.432485089616385,7.830326326668894,8.537763809749043,9.084720087743785,2745.7745130771536,687.4786682026715,2177.101437820269,21013.02100655219,17154.827568818375,4648.914424299188,3115.5821922904847,3858.1934377338202,202.1878649026635,75.81294285947824
2012-10-01,948548.8899999997,1654300.0743999996,537608.2455999999,859422.7365999997,521233.65139999986,1788441.2802000013,403894.3711999998,3573775.9277999997,302673.62320000003,2910538.7073999997,1270673.0404000003,23.179568337472034,705.0010667627823,94.83893120274367,141.78196704954337,93.79015838936435,30.057677299207125,64.35925132967212,102.61422890899286,165.71391579524402,255.87598491108395,310.0420973804825,213.70199367372282,103.65083746987081,103.65083746987081,231.28950833996444,35.26731851208353,61.99571313549641,153.74936863781505,97.2167381760624,30.902360149694584,37.661539242941025,51.40502347539508,14.500013421610088,15.75577023611369,16.265747793098015,21.173344340520046,22.978133933010273,23.451790293877224,7.826682490985095,8.53340655017698,9.07970529328358,2731.116240459299,685.5945683504289,2170.1425145706157,20903.10994889336,17070.36305684367,4655.591014879596,3128.820757176843,3832.746892049695,240.87297547314694,75.88544606974567
2013-10-01,961267.4885999997,1672025.1779999996,545951.1863999999,873573.8137999997,527941.0707999999,1808488.7844000012,408621.7123999998,3617002.8185999994,306432.7752,2942962.325999999,1286001.0900000003,23.146537713921525,708.1340995148689,94.48954456917487,141.3285101967575,93.24507816773901,30.13871914467753,63.982895195398626,102.00395385250256,164.95510737720426,255.30845423155225,308.6795494293646,213.16552953565807,102.99194790491654,102.99194790491654,231.54655139490714,35.197467583778874,61.712258351773215,153.0464007610997,96.88971345634133,31.070793247494866,37.9068615202174,51.750697704533984,14.53717095731925,15.79069585474471,16.302169653995467,21.21254559924332,23.01193650643155,23.485035965017577,7.8617962996896615,8.569455211602929,9.119303343322276,2751.888173027017,689.3827002795615,2182.881207225133,21062.853358000004,17187.619489171528,4633.319920016236,3145.522976194035,3875.2338688284817,215.08821771155203,75.74919736367038
2014-10-01,974488.3027999996,1690408.0759999994,554179.6024,888890.5203999996,535018.8661999998,1832765.608400001,413620.1937999998,3656606.3638,310354.7066,2972990.478399999,1299198.5350000004,23.472977175126626,713.361788381262,96.17090675670414,143.98372829108354,95.44110722012024,32.26016678502142,65.91126500202674,105.83717521788905,169.36744114433134,254.07741628931907,316.1979598301318,212.68113074605628,105.45498459467484,105.45498459467484,231.4947914593452,36.035298151938974,63.884353831614504,158.43319760363468,98.93384749511748,31.163359365443263,38.13343276012791,52.02091568595554,14.55020821803126,15.802185717363091,16.31765403630479,21.22615053120532,23.024844999682568,23.497751581557313,7.874265888290884,8.579526444798935,9.137556493719039,2765.9893319460393,692.2980905664261,2186.113861761906,21349.88483520341,17426.83721732949,4592.125861667909,3152.6041932841595,3923.047617873926,215.08821771155203,75.54477345241844
2015-10-01,960221.9451999995,1661370.1081999994,546602.5952,876996.6019999996,526489.0523999999,1791615.087200001,407319.3171999998,3583937.2314,305166.1174,2915720.9101999984,1275350.0068000003,22.180039745443395,701.5151526617504,92.29482465268178,140.55760640527805,92.89021070545577,32.00573258604439,64.36526343849549,103.42497303228602,166.79296549921415,250.91837734162954,313.0132767383712,209.35660851280127,104.56665842989754,104.56665842989754,228.18166396002206,35.10319795146423,62.414892746557534,154.78893403857262,98.04386464757079,30.808192672439883,37.66688653638383,51.50132290036526,14.568742984777252,15.82454636317288,16.339171475517407,21.257061181686595,23.06419991755412,23.537394724871092,7.88042477101404,8.584892822044203,9.140948229008979,2753.2799106418015,692.6222684310798,2179.0704738297186,20924.16149264857,17031.407939387715,4616.0969903999685,3156.1179736524145,3892.75355326086,216.57126275899617,75.73821994558283
2016-10-01,985035.1343999995,1710118.3691999994,561420.7119999999,900259.6423999997,541659.4105999998,1849027.9562000013,419784.3251999999,3675135.7929999996,315692.3208,2986634.048999999,1310415.6828000003,22.744919193695576,708.1583633241008,95.03775342413188,143.9243040143303,95.12554328298154,32.41335396183377,66.07846892128458,106.04003174943885,170.496067273665,253.78785519929767,318.9549135076006,212.63831427731049,107.87410988910285,107.87410988910285,231.14251552203868,35.592698653382556,63.96453562316953,158.63204840842226,100.10258313389944,31.162959784058543,38.26936290774979,52.33124070329053,14.5903662717071,15.846702802634002,16.36217668245017,21.278061182640272,23.081914985691927,23.557402397429183,7.902671346624523,8.611490631021205,9.166950968468662,2762.985413519019,695.4474313236966,2194.245546033126,21556.725083572077,17614.594410886104,4555.680511985172,3148.571765419458,3942.130672685975,216.57126275899617,75.34115723213039
2017-10-01,941526.5171999995,1638613.1125999994,538041.4944,857503.8693999997,517460.7829999998,1760532.8442000013,401948.6469999999,3516135.9621999995,301640.05379999994,2858917.8105999995,1259196.8870000003,21.34167319365377,687.1464448834029,89.26546648118321,137.15549580375867,89.75662946121233,28.085769842062035,61.08265349946208,99.97736194597499,158.6905985384352,239.32004847288664,301.9604637006591,202.06912185753143,100.67193425693605,100.67193425693605,220.61458266367376,33.64952847958223,59.72733427013564,148.12378906958165,93.32092670145786,30.517195156195974,37.30477252932124,51.02387080524738,14.6216529223836,15.878381932053273,16.394425158459605,21.323100244050774,23.130951560459962,23.609635571418195,7.920205586123116,8.62581231406249,9.179214747681566,2761.5488744496706,694.8874522288365,2189.7226862846205,20571.056251424976,16676.23582253373,4624.965648277397,3166.3174334783184,3894.820428891245,216.57126275899617,75.6656073680915
2018-10-01,954647.2747999994,1654778.2547999993,545604.7246,873657.1817999998,524316.5503999997,1773891.2662000016,406511.47379999986,3533305.764,305323.24419999996,2871368.0449999995,1269215.7196000004,21.182383870797416,686.379832473981,87.91057329720068,136.16570238330672,88.87321799772305,27.037282722544123,60.1122748608157,99.44014552003603,158.02118369117227,239.3070271751705,301.6485420975477,202.03839911516334,99.15267073399102,99.15267073399102,221.6531553456756,33.330814259639034,59.09860727695698,146.56454609281818,92.92539817111492,30.603358769512635,37.507769286020086,51.39302042947286,14.669605798260273,15.930026315559282,16.44601118612102,21.366825175947323,23.177801423512328,23.655603790260795,7.972386408514536,8.682251217840975,9.236418583979718,2760.944227716771,693.5419835297675,2186.817333991546,20762.46102095146,16856.15027851745,4621.739085142787,3167.229197957771,3906.3107424340046,211.11370291928654,75.53659564131326
2019-10-01,953135.5831999995,1664867.6711999995,543442.8687999999,866082.5397999998,524820.0939999998,1796836.8596000015,407768.08179999987,3592627.5856,306466.13259999995,2918713.294599999,1280209.0752000003,21.29607698996535,695.9146841619686,88.81543227263754,137.207425108745,89.55282113130268,27.007727184829477,60.45619461803992,100.1954029963092,159.39164305952417,239.78777698129522,302.5722413536648,201.6433152470657,99.41484690052089,99.41484690052089,221.67602011632962,33.67509448461805,59.57080047661885,147.73558521064552,93.12715680077501,30.870373464538776,37.72997745144658,51.50538323571965,14.684332974146376,15.94796047101164,16.466334233395486,21.38173118433445,23.200505263700535,23.685496643734464,7.986934753773358,8.695415690741788,9.247171824320018,2791.7897040416296,692.0638166195516,2204.2834897046823,21115.553653275558,17177.964129341988,4600.214938563492,3195.743288398037,3937.5895239335623,208.34901185999487,75.30710260343969
2020-10-01,947297.5267999995,1643791.0233999994,541687.3971999999,870925.2983999997,520393.1353999998,1760267.4168000016,403272.35139999987,3499798.9289999995,302912.473,2846504.3297999995,1260606.5992000005,19.698559710749883,680.7548826155321,82.26730460847648,131.24798349770978,84.48417783914996,25.410198914075586,56.89836510192958,95.92009775635742,154.00127754084318,236.06973097834546,295.01091864972847,198.5279842738904,95.40520426280183,95.40520426280183,218.81858115678784,31.737767380889544,56.542540082222004,140.22549926750514,90.71532342231389,30.54726267445587,37.371056054314906,51.17489664205485,14.742562014565982,16.002434442979467,16.5158479324698,21.453929540972666,23.266334853439776,23.742520205708555,8.0311944792482,8.73853404686107,9.289175659582927,2781.284516186292,690.6690777591034,2198.348659716086,20809.421836544665,16895.305451434968,4607.066785993753,3190.6488505324774,3914.116385109691,208.34901185999487,75.45653419192602
2021-10-01,935687.3731999994,1627256.0329999996,534955.1379999999,859061.5015999998,514613.6337999997,1741884.0612000015,399020.78219999984,3465396.3414,299163.3444,2818784.4195999997,1249272.3234000006,18.595368184341375,670.7272636111034,78.74122677634152,127.61666411417573,81.76464481584557,24.50084028839461,55.28132699942657,92.97704029407532,150.039852799642,231.05927922989378,287.9364018452169,193.62217075050242,92.9131463962124,92.9131463962124,214.39474460890676,30.288068643408277,54.82585398046052,135.96811776380252,88.68888401708398,30.412309742685785,37.18718335088573,50.88698058617884,14.769302030254316,16.03388319028772,16.546313820347187,21.487643238478626,23.307790621644052,23.786492840710014,8.050960811673683,8.759975774736873,9.306134802070043,2761.795996300961,689.9816180709416,2183.515172573203,20481.30053638916,16604.04546585395,4622.248633060946,3183.6809163085622,3877.255070535204,208.34901185999487,75.66290220622129
2022-10-01,914733.4423999995,1588819.4567999998,523484.22099999996,842321.6513999997,502840.7867999997,1699463.0148000016,389880.58279999986,3395670.7695999998,291371.3552,2766654.3907999997,1219367.2232000006,18.247438869257724,658.8289443672743,75.20126835821391,121.73224047689011,78.03826450782496,22.24329456454483,52.5558174131352,89.43930937907108,143.6580768571923,222.03931554207543,275.75375188225604,184.55709744414438,86.34695288879578,86.34695288879578,205.67572159611842,29.4208780190041,52.22866925310366,129.52709972132467,84.36667643661393,30.19569736919967,36.7878672819559,50.28621196850447,14.826571892899201,16.088167299798506,16.597076559845508,21.56309584231358,23.38001308768175,23.854469277586286,8.090047935407565,8.796321527730651,9.33968384379145,2736.7674536990503,688.2639161546077,2165.256610601058,20089.283226619198,16269.403710881457,4676.369051088449,3188.75614572226,3819.8795157377344,208.34901185999487,75.99092135603394
2023-10-01,898518.5781999995,1563424.9371999996,514615.382,826291.2665999996,494741.5853999997,1664542.133000002,384471.4543999998,3316315.7253999994,286327.99419999996,2704269.5946,1198359.6778000004,18.038447905347997,644.9500912006894,72.6480660400107,119.15099605898723,75.78788036549435,21.905850492246703,50.992294452968224,86.58153045580731,139.9186902060346,215.62824772260808,270.0438818050599,179.64162194948454,84.66905337835357,84.66905337835357,200.75737548800234,28.724652747915467,50.781420859127266,125.93792369444071,82.65119998862303,29.87923258037784,36.413937488919096,49.8515618901178,14.872835762774914,16.13421782380985,16.639480758045266,21.62149280971568,23.434758769492706,23.904651488144946,8.124178708254135,8.833676894427017,9.374310031660707,2698.756722204635,686.6335175606364,2141.635858740154,19531.223787520055,15771.09274916072,4697.898875921036,3163.5941402902217,3760.131038359331,209.16109132898964,76.26035053911214
2024-10-01,882946.4221999994,1542045.1709999996,505046.08619999996,812686.7827999997,486392.5801999997,1645333.0636000019,378547.80959999986,3287560.3959999997,280604.8096,2681243.412,1185556.1340000005,17.136556387027873,630.949858181517,69.06267915947573,114.24423772087552,72.16743654953255,21.570061995068187,48.80029608263056,82.49645428121501,133.92606277782303,209.33861380364888,260.17467804414207,173.83158356446097,80.7046708884829,80.7046708884829,195.1128104893217,27.68979462531339,48.549711773952495,120.40328526195565,79.81679134986258,29.81008724920137,36.249932262904245,49.52138681620138,14.924405352298333,16.182101933947056,16.688099935536965,21.678645137083382,23.487615207959653,23.956680529591996,8.17016555735047,8.876588675347557,9.419519345729817,2675.4253789464256,681.8190185967597,2130.1251769112623,19282.797416363133,15560.369311393508,4730.65770946957,3191.0169846580625,3722.4281049696183,224.49277825931483,76.34741060134961
2025-10-01,914555.1699999995,1578391.248,525782.9824,851956.1425999998,501302.5447999997,1681385.4594000021,388406.5575999998,3324219.4625999993,290427.47039999993,2708784.2286,1208896.2186000005,16.211756229787817,623.7700158951044,66.68189400757684,113.15924337223058,71.95110965140219,21.361247584410894,48.51437861335183,83.10723777948476,134.583231465663,212.59101952920238,262.1878459666297,175.80673433321914,79.55315228620584,79.55315228620584,198.0988895457075,27.0304653963943,48.64340434689306,120.63564265970673,80.03554034497445,29.889000461402112,36.622326439955984,50.167602088420814,14.974206104820425,16.22727580713637,16.732996068128664,21.738952660606202,23.546046542874638,24.016148307934003,8.209459540461054,8.908505086183489,9.449843831252656,2659.1681403709863,678.5056849250617,2121.8371442460343,19660.52225758747,15953.120468362162,4710.596878666171,3167.673682979135,3707.401789225302,224.49277825931483,76.30708233851357
2026-10-01,908637.8853999994,1565671.0401999997,522061.4287999999,846634.0039999997,497451.4849999997,1673194.534200002,385178.40319999977,3323423.153599999,287907.55639999994,2708613.024,1202526.9964000005,16.128215956696252,618.2078208225645,66.05835044245379,112.27903514577844,71.4207419863857,21.372945118439688,48.114928182965144,82.25102843282008,133.98968135803366,210.08985239929385,260.3730349564519,172.90392228387597,79.41292817986465,79.41292817986465,195.69762649903458,26.842979082951636,48.291224964345936,119.76223782476019,79.384452499373,29.994309619397644,36.60773593607683,49.975316936674055,14.986166104578103,16.24233909520775,16.744151410910046,21.74822060718915,23.560073390713992,24.026023376624686,8.224111594176078,8.92460481187787,9.462279448106466,2669.295708520507,678.1535844801475,2125.982929244301,19567.282466325378,15865.702771228061,4716.652256516865,3159.941205570472,3701.5796950973104,222.58239497864383,76.37056310635893
2027-10-01,931870.3091999994,1605008.2156,537419.4871999999,869097.3475999997,510768.10799999966,1706890.433600002,395468.7565999998,3354935.304999999,297939.01039999997,2729418.7632000004,1228125.3412000006,15.958887888825602,613.0061943012153,65.69983360717968,112.10778137181173,71.48427885152799,21.343996757527986,48.203857370048866,82.54497848335724,134.1193807499693,212.06166588074004,261.3534885665165,175.3790246479974,79.5869225743115,79.5869225743115,198.5459064952195,26.581386812768166,48.33467745454088,119.87000001618944,79.92449760752862,30.045886135105135,36.94191594404717,50.634237226082575,15.014813605954712,16.268432321930174,16.767553544648095,21.779393139072475,23.589342310568377,24.050841602614778,8.250234061456723,8.94752234473014,9.484265487270122,2662.8841785206064,677.2950448093133,2125.4688511417635,19928.259335215756,16202.622787119464,4711.8400026220315,3160.1468629491096,3725.6365480962863,215.62451490812188,76.31965116059835
2028-10-01,914864.2701999993,1571067.6222,527268.9305999998,853712.1557999997,500699.5321999996,1668723.1508000018,387181.09699999983,3290517.8607999994,290923.7592,2678907.5494000004,1204541.1630000004,15.101427627363115,600.0183865603898,62.64854316156452,107.79690129392709,68.11485809130794,19.277066902756122,45.76184364823007,79.72360260289378,128.85558623778235,206.57828071755046,250.39863116078374,170.34490463558345,75.19434400267511,75.19434400267511,194.17729730604228,25.543034183279296,46.083410899388355,114.28685899905292,76.57010537533183,29.744416931315367,36.53004939154061,50.0616560134027,15.062259084496107,16.322016979229367,16.819223680875993,21.84517067420401,23.66336423008015,24.12083776698893,8.279347486024765,8.980669742207168,9.517609597573362,2619.5355929821585,674.0878817792486,2103.317674303064,19680.26709298838,16008.19655468058,4763.104919866281,3190.5916616112063,3672.070538307791,247.37664201215753,76.51404547034163
2029-10-01,928737.9613999992,1598898.0636000002,534784.2799999998,863623.6985999997,509666.9071999996,1698850.2542000017,394375.28259999974,3363312.613999999,296734.6218,2735887.611600001,1225151.1760000004,15.079907384775987,608.5516528628418,62.827799503227595,108.97641806584657,68.21432704737812,18.919492049432275,45.927404711234765,80.64376796489421,129.90302297761104,209.5025224159388,252.14528514924422,172.8215877426833,75.04941233252782,75.04941233252782,197.07903969128122,25.69772664875682,46.279780390142705,114.77385534382154,77.00202502151194,30.042215371388508,36.870463677837634,50.62352703544389,15.072690900008473,16.334432692918483,16.829856049532975,21.8488435818234,23.669640447569904,24.126027498932416,8.296538209564297,8.999224952439851,9.533684603157567,2624.773595404916,676.3282823813304,2101.1455002171215,20080.63852149429,16358.782129692898,4727.211360288503,3211.3573325791535,3721.8563918013847,239.29338010186348,76.14634684534101
2030-10-01,940956.1241999993,1613215.5506000004,543222.1415999997,879311.8989999997,515727.21099999966,1717921.6620000016,398751.9677999998,3402997.5011999994,300937.5354,2767301.742400001,1235172.6480000005,15.621023553169653,611.3143886644635,64.6665699285734,111.22333586102785,70.31726621191866,20.437079995866817,47.72050496735016,82.54080520557905,132.8817287625655,211.96570830698573,256.1554299576607,175.21530992836034,77.0365032209273,77.0365032209273,199.33788634732278,26.420132551190456,47.78365137423853,118.50345537572468,78.43905859945707,30.23781069750021,37.1102252509396,50.90118893278337,15.074226242730685,16.338864748463664,16.833911392719994,21.85050276070093,23.6731072962046,24.129917363422873,8.297949716436463,9.004622212622785,9.537905424957353,2645.035099713826,678.2973520705126,2103.053779913405,20355.19717056105,16597.83276204689,4693.118757514126,3216.220280206909,3757.364408514145,239.29338010186348,76.00256810792808
2031-10-01,938231.0713999993,1615538.8464000002,542022.5019999997,882078.6209999997,514585.31379999965,1724844.5612000015,398318.35799999983,3451715.3479999993,300596.16359999997,2803819.6208000006,1240169.7010000004,15.590675562679246,612.712171061775,64.02541823796815,108.87109321473015,69.03492595356572,20.364750379119872,46.78929367707876,80.30183788701332,129.97126401782268,207.80699673951173,251.41345429393058,171.6543495731729,75.65629594023294,75.65629594023294,195.64761559457784,26.1886902765126,46.86067354339642,116.21447033497907,77.03575554468577,30.436037418711564,37.26340680761936,51.08197472780743,15.099343769513924,16.367600873757507,16.865239490306227,21.86929668980971,23.6937024865111,24.152707417453897,8.329390840852232,9.041499272379403,9.577771564353984,2642.0727002843423,675.8559997412054,2095.431843461171,20541.38137063296,16778.63391993995,4700.672044963691,3228.6634149561683,3762.7474506929993,239.90287082970855,75.991301335946
2032-10-01,945711.1757999994,1628292.5870000003,545651.0767999998,886912.5167999998,519389.1539999997,1735929.9638000014,402501.8319999998,3480594.7761999993,303212.01879999996,2826064.6044000005,1249001.8576000005,15.59950624759239,614.9566685089588,64.05450755213252,108.17497484691019,68.85953252842116,20.357870927551062,46.71767723892509,80.1881551463152,129.60721415617598,207.19572113411405,250.06164390706385,171.08727228860818,75.52051402640704,75.52051402640704,195.38729999014583,26.21199913150404,46.75596445624995,115.95479180182345,76.7963320309467,30.611360688180888,37.456813796087005,51.37397108501308,15.126278289627884,16.393823066351956,16.891991818440793,21.89056627880273,23.71209371945888,24.173119472587036,8.361990293298206,9.075552424177262,9.610864167296583,2640.554407722271,677.1114282456114,2093.3434133896935,20665.187142933963,16877.282056414635,4677.447188317871,3245.4155854817964,3787.905086519319,231.49740552901667,75.85027286308201
2033-10-01,930484.3289999994,1602167.8582000001,536483.2327999998,872091.7129999996,510798.16519999976,1711984.3672000014,395843.6087999998,3439401.7509999997,297932.5836,2794008.5766000003,1229046.1074000003,15.558824872182367,607.5981252227139,63.19902465252144,106.74920941787808,67.88600707900886,20.29887717196523,46.18182578737027,79.15303582440775,127.85483989975042,203.85142435152648,246.59036422105717,168.11212942320577,74.21261293141742,74.21261293141742,192.389570022969,25.993539478869366,46.23273911827583,114.65719298650056,75.67493615720215,30.43481453851417,37.16282985936302,50.90957842247804,15.162936747645475,16.431910950277107,16.930354180919426,21.93229457577339,23.75311617575551,24.212734090570674,8.39357891526852,9.110705734024192,9.647974274107181,2626.322848741927,672.8244876713626,2080.9544807986454,20551.643844494185,16801.467416702795,4693.984595058086,3226.351465689681,3750.176427791384,250.1619444648365,76.06750863959991
2034-10-01,939460.8061999994,1625847.2892000002,540060.1689999998,876955.8641999997,516764.50439999974,1738999.1062000014,401011.3879999998,3482895.5199999996,301845.9988,2827371.6908000004,1246820.9446000003,15.50832459738393,611.5254616020394,63.26516490352434,107.48803193224225,68.67910244387507,20.27358949874662,46.63410194344302,80.04840239066354,129.50743665115536,203.8778379882958,250.13545624832025,166.61320719242815,75.08835428820178,75.08835428820178,191.648059867025,26.076393323998946,46.743221715919624,115.92318985744245,76.13001957511095,30.604597249090645,37.49366622369876,51.40899370891342,15.208772910873163,16.476888485227704,16.973892810833412,21.976490740871295,23.796042750671564,24.25231929818322,8.44105507978943,9.157734226926943,9.695466329580546,2655.4064368520458,672.6564635938554,2104.251208375315,20886.175377593492,17093.9975195161,4664.020881163882,3238.0059839117057,3792.1778580773894,220.2776475627785,75.82790804242929
2035-10-01,933545.1769999994,1624610.3594000002,536661.6827999998,868641.4629999996,514146.8681999998,1742088.3666000015,399994.0045999998,3490921.8984,301256.8438,2833211.5022000005,1248627.8486000004,15.374831600436025,611.8890917654403,63.252345984212226,107.36339485197551,68.41760117795725,20.179833528704407,46.47959598752668,79.73559884638122,128.6269278155979,200.48075876000735,249.1367610864778,162.88017822680789,74.89668221315604,74.89668221315604,187.95754769022554,25.98675924187432,46.53146609263765,115.39803589505091,75.41929063354624,30.60633011662409,37.51645900468458,51.39560321338855,15.229689789185295,16.497898924679593,16.993116804977255,22.00266842725318,23.826323310262183,24.283187996254938,8.45671115138794,9.169474548180848,9.703045621937688,2678.8777200158615,673.0193003704464,2115.173395387466,20985.92619276921,17170.732055541353,4664.192985214976,3265.9063534682873,3815.19413722785,220.2776475627785,75.7652575821917
2036-10-01,918451.5389999994,1599371.9396000002,527185.9173999998,853179.7245999996,505511.39679999975,1720427.7230000016,393266.5127999998,3475259.0834,296133.5568,2821667.2784,1232627.6630000002,15.072696799655716,609.3111023069644,62.1617240499905,103.81155049475932,66.37724333560332,19.631589682359785,44.970571903197076,77.28838459181905,124.71229217167803,193.91339654538325,241.72892154769454,157.60049929046357,71.41110358603243,71.41110358603243,182.8711597292429,25.630391174714276,45.125207862403606,111.91051542932907,72.81902681845679,30.582824049585835,37.33558746022266,50.98054761257313,15.288778829718819,16.557613719450906,17.0532113260556,22.068401030763944,23.89259289875877,24.351167174827292,8.509156630495374,9.222634548342103,9.755255485198996,2677.670511978036,667.9418814175509,2111.2319126787943,20873.36812105851,17099.901968487407,4727.4560222539285,3274.6493488465576,3773.466152571098,220.2776475627785,75.92026323391966
2037-10-01,926491.0413999995,1616479.9758000001,530241.4757999998,858750.5903999996,510516.40899999975,1733439.3144000014,397624.1945999998,3485980.7401999994,299372.02739999996,2829537.8840000005,1242228.9476000003,13.773367081993088,607.0418903962827,58.669097343020695,101.13051302663615,63.60565946605503,17.994738539629726,42.7682851106111,76.04477439240326,122.91349970023104,193.70508231930486,237.22959080071195,156.21043837403695,68.61842207327014,68.61842207327014,182.36867292533813,24.778387997048497,43.466814561746205,107.79770006385141,71.49277455758262,30.687791782859435,37.60624675316601,51.511947146146866,15.34819099590691,16.615878623391453,17.10864195630792,22.135867258915418,23.955256493281386,24.410116787790663,8.56051473410597,9.276500761515043,9.807167134209008,2668.60334476303,665.4823062784234,2107.298603937763,21047.427517275046,17270.018742283955,4750.700552333886,3297.4106344020524,3777.408774991086,220.2776475627785,75.8608954230817
2038-10-01,915874.6263999994,1592469.0820000002,523640.07819999976,847319.8675999996,504508.18119999976,1701644.4928000013,392890.06299999985,3404992.2173999995,295518.2612,2762832.4814000004,1223051.3516000002,13.543855854605816,588.156971747576,55.933600909971666,97.26896726949923,61.079062221465726,17.653207037047288,41.301104837221935,73.6326790706696,118.5947538686239,185.32396833902465,228.76009527843496,150.64412280941232,66.05487797065364,66.05487797065364,176.0213069015821,23.787018773226436,42.07177648993333,104.3380057027945,68.96611771538527,30.350339709383146,37.26854178818908,51.06014942511134,15.405994010025593,16.668261637965895,17.1576011346446,22.207696848418685,24.019006630244693,24.469163911974,8.604291172185029,9.317516651123944,9.846038366370486,2650.3675563475,662.0892348303398,2092.1221403426407,20622.96389077884,16875.107321137617,4779.168256464601,3317.8532028872855,3747.8565696412197,226.9858604300989,76.03968231636219
2039-10-01,933152.1825999995,1616852.9188000003,534193.4545999998,865432.0627999996,514234.7803999997,1721565.2140000013,399952.20619999984,3428158.9638,301509.78160000005,2779438.1652000006,1240580.2856,13.553063571511881,585.6620548056195,55.64073290171004,97.0454557063464,60.80099419686675,17.618256899007502,41.14921472015875,73.48012880339223,118.60546880761338,186.1385268211852,228.90592968409337,151.15974667906633,66.05496552107257,66.05496552107257,177.09096064212596,23.693369467261153,41.94908895140138,104.03374060530938,69.16084093078211,30.44707361256071,37.520054211203316,51.49820460230155,15.443818868457129,16.70654056183666,17.196672633793543,22.24292732408502,24.053723520942928,24.502365352599195,8.644710411432758,9.35935760408883,9.890979928747795,2639.7692929887808,660.5983346179895,2096.3910103987696,20795.67992599682,17038.449204548066,4774.559383046046,3346.6150680533137,3757.2307214487555,246.37357378859207,75.9578767989394
2040-10-01,937846.5605999994,1624985.2022000002,536743.4407999997,870307.2285999996,516540.4125999997,1729044.0978000013,401512.2203999998,3454234.4876,302816.54060000007,2797803.2286,1247254.6596000001,13.136010962055153,586.707461544776,54.56059590802749,94.64617624679808,59.29040132081129,17.392588404926656,40.03141639540395,71.49606801177565,116.23606667591874,183.36567193818718,225.78197457670493,148.58277898045964,63.768135392184014,63.768135392184014,175.05530476325552,23.335742965648205,40.9511784051835,101.5589224646132,67.97404329247279,30.590522163944012,37.69522583434805,51.75102250040378,15.51506297735521,16.774147137181185,17.260837291118097,22.31289061187618,24.115547629654586,24.559868914259226,8.717235343173435,9.432746645581418,9.961805682109496,2659.737560951932,661.4724412585721,2110.520038129377,20983.5364428519,17197.191683951343,4780.172720719857,3377.8407807486574,3786.3447589005477,246.37357378859207,75.83302078073022
2041-10-01,955851.2879999994,1654470.2984000004,545898.6065999997,883848.9711999996,526772.2183999997,1762100.8306000012,408966.5121999998,3507575.3861999996,308916.6722000001,2839242.5982,1269489.1444000003,13.277700280394273,591.735464135807,54.7593279325399,95.9671420673363,59.859926285789285,17.645741325583252,40.43870607646265,72.76225588536053,118.08539081939749,187.28766885203513,230.39394407765488,151.2213414914524,64.3887430760009,64.3887430760009,178.2552179058755,23.618350678612067,41.445850296210956,102.78570879834491,69.15400614558963,30.77641278851208,38.03182708571862,52.244139709914656,15.552526033308403,16.815633486093272,17.299698835971668,22.346929662330645,24.15257427389993,24.591406295817116,8.758122403302789,9.47869270198235,10.007991388757926,2678.596255569923,662.337593331799,2129.813949165674,21329.36917816744,17515.97835531924,4769.959176713531,3413.37597311012,3813.390822848189,254.86270220241306,75.54168252191664
2042-10-01,951898.8563999995,1651115.0070000004,542726.6215999997,875081.0837999996,523990.6707999997,1758286.7848000012,407198.85959999985,3493588.248399999,307575.52940000006,2827734.4252,1267285.3180000002,13.01616712841169,582.8350708338248,53.615852848789494,91.76521324828087,57.57653617798124,17.318963787701744,39.036877578171016,70.00575455290114,114.61257329956943,184.7575154297187,222.3884662818058,149.17217505579265,62.198065784444324,62.198065784444324,176.0520847700146,23.033378788958984,40.028223513584635,99.26999433319055,67.37118478047815,30.6716619349553,37.99038257524613,52.203492388891576,15.618989046777761,16.87959485619562,17.361365135909193,22.42566226328739,24.228719479698146,24.66472684485447,8.812315827230435,9.530470236025485,10.05800344383979,2661.9151931094634,658.5151472656605,2122.287607151495,21396.444141242755,17597.161587294147,4804.396353268426,3447.1756660924666,3799.2825539486,262.38126900740366,75.54050909088892
2043-10-01,948423.8347999995,1648841.2022000006,540573.3983999997,868182.4405999996,522620.26539999974,1755197.5776000011,406612.5425999998,3470309.194799999,307074.96080000006,2805034.684399999,1266616.3158000002,11.54898471952282,571.9454263383518,49.06621956888779,87.19468552302853,53.93778677002382,15.565568041234894,36.44042329890957,65.77932338889275,108.48902570172895,178.2670566827917,212.38333278954332,143.34509124058815,57.04599180166575,57.04599180166575,170.85514963454042,21.458506949808015,37.57916446489239,93.1963278705996,64.04388174435721,30.60339815924288,38.03542320786452,52.22618663431782,15.671002807721697,16.927985392836238,17.403616231432228,22.48450566780552,24.283582082437604,24.71332962682058,8.857499947231723,9.572388706333058,10.093902852600309,2626.2445872004646,654.6806939193152,2102.112838355863,21162.898380799696,17395.385012994415,4829.389021736049,3465.3519916606474,3767.5133678052744,270.50233931709636,75.6955608841531
2044-10-01,968140.8421999994,1695021.6410000005,551289.5599999998,884332.3493999995,534322.9029999997,1811496.949000001,416358.8301999998,3590098.970999999,315581.8076,2898392.0693999995,1302104.3250000002,11.734152923667077,584.3893199049013,48.036919858437784,86.88641867105467,53.43621910400924,15.01090173966437,36.131114813225246,65.62759461742175,108.62259614515668,179.78584612237188,212.8000741350926,143.42498440983445,56.490176443987195,56.490176443987195,172.36660322608313,21.439044483966537,37.27808757914507,92.4496571718105,64.0455880604821,31.069870240677755,38.70140277433936,53.117924385226836,15.75446363041116,17.001501831862587,17.471305821481348,22.572557175036827,24.35602427469814,24.775478667800467,8.936370083913003,9.646979390733293,10.16713298948165,2625.3519092656416,650.7095729900567,2109.225422822678,22017.691178932102,18226.629868898992,4813.993479670049,3472.2096737712286,3791.061310033109,254.0619082284734,75.40110719192232
2045-10-01,982337.3655999994,1719010.4942000005,559056.8143999998,896479.2795999997,541694.2791999998,1842893.303000001,422084.39399999974,3680685.521199999,320560.9846,2973067.781999999,1319680.2688000002,11.426536696515694,593.0960109420364,47.02045561533356,84.38287311414537,51.79252596931195,14.910274819400852,34.892903998681625,63.74706169402921,107.20041469638335,178.46514641156577,209.40856786209923,140.71802472993397,55.070243135938235,55.070243135938235,170.22352716511807,21.207728604396863,36.27106659645145,89.95224516574349,63.1211659756222,31.435854221536054,39.07879636850348,53.594782141447816,15.812308877584071,17.059191091229934,17.524724272564356,22.628273310883383,24.41313111747588,24.827003862230264,8.99634444277151,9.7052510654798,10.222444696258519,2613.5032193907996,646.3010716907961,2107.9231481429824,22588.50967095225,18787.23092497817,4818.247324176323,3483.6722671853377,3801.278745974083,254.0619082284734,75.32080806555946
2046-10-01,981890.1211999995,1719024.6560000004,559251.3811999997,900188.8819999998,541465.8371999997,1842817.176200001,421836.6837999998,3672909.2781999987,320434.066,2966462.4011999993,1320492.3706,11.131726284353721,588.7082380081287,45.42353504089833,83.46081504839127,51.22988050777225,14.801772899719774,34.62348756219885,63.16246113772094,106.24377415975582,176.23122966769282,207.16330705971268,138.84015569737466,54.60360642519649,54.60360642519649,168.1544044168999,20.889408410027656,35.912919435548524,89.06404018244673,62.50799828558473,31.383997067357406,39.1277405987527,53.6529202455789,15.864882028553602,17.106578213397235,17.57230482039355,22.68886235173106,24.466251116407772,24.88020331540125,9.040901702508016,9.746905312903053,10.264406340355457,2580.352885668655,640.8685351108102,2095.4167220665254,22560.9388546232,18781.44104927307,4818.08132403519,3510.587713929436,3779.497805350132,293.89630734888556,75.3534736312531
2047-10-01,984831.9185999994,1726698.2688000007,558915.1951999997,896955.0287999996,543677.9923999998,1852717.917200001,423593.4847999998,3684820.308599999,321584.64420000004,2974886.9925999995,1327206.0115999999,11.05896378758038,588.1858763780522,45.12538965442573,82.57747072674543,50.745391384053065,14.821331222384801,34.43451848303331,62.862153041853574,105.61693502204545,173.0937166133834,204.95967375868975,136.89451654924048,53.81154166033056,53.81154166033056,166.09074644595216,20.66476199868417,35.69778445478323,88.53050541986211,61.826272922058685,31.39989032069985,39.19174816896763,53.750682091816955,15.92558385266163,17.16514327539399,17.625615048031303,22.765329864837387,24.541976654778345,24.94849977795378,9.085837835701406,9.788309896471533,10.302730335478481,2569.269356335158,637.0070786745028,2092.3571302410405,22671.54795862358,18899.062311735623,4812.295083627358,3519.0021007559703,3772.4856468879675,307.1055904653737,75.26815485692786
2048-10-01,987737.2129999994,1725665.9058000005,561446.9609999997,896499.0661999998,544269.5647999997,1844481.301200001,423633.9441999998,3658455.162399999,322310.0186,2949851.7163999993,1326777.7006,9.129361612858618,574.6114226781302,41.06532722844654,77.55361809895203,47.42463741132021,14.09327696273184,31.893824276317044,59.362315799204545,100.57192849755447,165.8849715265045,196.1889071337165,129.40455767982894,50.355573432414985,50.355573432414985,159.65920458957183,19.148551836513228,33.42045910412118,82.88273852644633,59.043375774644886,31.21806144779163,39.11662360510994,53.78211025897784,16.00154686645432,17.239947933800394,17.702099705841462,22.846049864137676,24.625591449339655,25.032099230142354,9.15704386248679,9.854304417119215,10.372100198910639,2542.8066051593814,631.6187465932519,2076.3578456732935,22598.709971288157,18864.4020861674,4838.260452679037,3540.276636988034,3734.307885120763,326.32263277868844,75.34445337040863
2049-10-01,1006617.2829999992,1754308.7082000005,573299.9067999998,912408.3067999998,555023.8817999997,1875904.442800001,431276.17959999986,3696622.1707999986,329365.4768,2977929.580599999,1347000.4420000003,8.680058881324957,575.0039526716034,39.225431522802054,75.50096898408812,45.90847855241164,13.05173217376673,30.653447421337567,57.55168855155867,97.79561547969226,164.03925041367404,191.74958626384125,128.30047055721067,48.10242928990081,48.10242928990081,159.2629859847031,18.481491303353415,32.24345252117797,79.96376217339933,57.599860403352686,31.3514577177314,39.48153101216198,54.30179722763859,16.046509423836454,17.283992672574577,17.74289684596599,22.886169481919655,24.667263347669515,25.072562082533786,9.206849357801362,9.900721996213099,10.413231625250752,2522.018695129868,626.0631020902156,2069.01855506432,22979.60078437994,19245.06385880975,4838.8134713250965,3546.7002622316013,3734.5369255701967,332.5172175728223,75.27553651333457
2050-10-01,999586.4133999991,1738222.0852000003,569730.7965999998,909112.1717999998,550505.3981999998,1855274.0406000009,427722.4041999999,3648384.797599999,326750.5624,2938829.9791999985,1331801.9034000002,8.614588742458858,564.8401630057281,38.31335479941589,73.07524788622688,44.807732261742686,12.920178744385241,30.202282486787322,56.409115957170776,96.03043847409427,160.95955346955,187.3953062354066,126.14663934258022,46.970989302469974,46.970989302469974,156.62561774833446,18.135602471728372,31.655435088630114,78.50547892328046,56.4905313429129,31.07715614976908,39.19211968363357,54.050629430909574,16.095408327259634,17.332230480762927,17.784729174958336,22.945277427531686,24.72490170629516,25.12300537154591,9.245539220851999,9.939559256363232,10.44645299481447,2473.334593311998,615.2433902091549,2043.325998140838,22689.324949709095,19031.055707578984,4867.106860074403,3531.864051730155,3658.2692421301113,390.78202644002687,75.80883453431923
2051-10-01,1008256.6551999991,1754553.7350000003,575142.3267999998,917669.4703999999,555345.7651999998,1864761.499000001,431737.7191999999,3651714.289799999,329921.6474,2941227.0167999985,1342208.4490000003,8.566126525804494,562.9048912774092,37.90751305971491,72.68680048769919,44.50250071926507,12.87330693459452,29.942594645109562,56.280640367362615,95.54986475086982,159.75145352478887,185.65384580774818,124.12741299426494,46.319300538045944,46.319300538045944,155.0393457706461,18.028439958225288,31.440031539980964,77.97127808637988,55.97777868667829,31.241040094983372,39.461846205591854,54.5254436408397,16.164306398908394,17.397989316646214,17.846034835313638,23.01263992553766,24.78518213765025,25.17445029512369,9.315972866905287,10.010796492978445,10.517619391475415,2455.805671402158,612.9153813690345,2045.6033475595927,22675.892950644917,19031.635685035955,4861.336551205425,3529.2286183861643,3644.25726560896,393.4442331034559,75.83240469742624
2052-10-01,1034537.2115999991,1799258.3824000005,590978.5209999998,940162.4372,569410.9551999997,1922706.005200001,442199.8273999999,3774015.797799999,338837.72660000005,3038029.6827999977,1377586.2378000007,8.766652559749774,573.8209897027469,37.83408731023664,72.9776399144453,44.49050073117947,12.853195153513411,30.003891633191824,56.86077299584593,96.46102423468797,165.34786576469966,187.44805358479763,129.39835444214674,45.960659983199804,45.960659983199804,160.09666041415323,18.297719053663457,31.605008985064593,78.38042215655427,56.86129942202785,31.736244515068737,40.11164079707371,55.31689679120285,16.177798453168336,17.410336713509864,17.85795428724929,23.016947323824244,24.786730630865733,25.174991663791083,9.338649579650554,10.033942794093658,10.54091692610083,2452.888423045608,611.5402900313514,2050.0001715955814,23504.786606637856,19831.530289085425,4855.56386770005,3540.7994836626685,3673.256317552428,393.4442331034559,75.62125154814582
2053-10-01,1009547.035999999,1754318.3518000008,577493.3219999998,917566.3719999999,555522.6221999998,1868720.772400001,431100.0539999999,3695353.2939999993,330222.91120000003,2974625.860199998,1344719.5960000006,7.949114632319849,565.0902231691366,35.71024383837223,68.80295755362536,41.454142657107596,12.309213719374013,27.689750954442758,53.075653500620135,91.40927088067384,160.1376416942527,179.3190059182321,125.67819432114949,43.42385757634036,43.42385757634036,155.73989265751382,17.270613459032404,29.469035534321215,73.08320795107892,54.662136644197716,31.384949159554026,39.53034036729905,54.540675868766655,16.20528519368768,17.437944122215246,17.879838791882456,23.05204665554163,24.821898226528475,25.20717871036717,9.35852372874499,10.05399001662525,10.552498889078404,2419.251059387671,606.3394357780033,2022.0059167496854,22815.11149812053,19212.459141904787,4894.273025654408,3525.805314443384,3602.652356215746,412.9065604549892,75.99724417377111
2054-10-01,981408.956199999,1721288.0968000006,560689.3591999998,891398.8424,541879.9219999998,1837613.9776000008,421472.59099999984,3674956.6549999993,322311.6978,2960168.834599998,1323927.8140000005,7.063256001120496,560.795920334499,33.563032872235866,64.23750830501099,37.9632824292974,11.231772623551535,25.096723553001993,48.996379557518736,85.51335975795229,154.19794646881138,169.21354620257668,119.78988753598405,39.95776721029037,39.95776721029037,149.53787517130735,16.306978097687733,27.014348066040682,66.9955829964895,51.70138859554601,31.28848640669688,39.219388304209296,53.987210026703934,16.253993412688416,17.484563848905776,17.921225916136738,23.10970857321503,24.877035761231767,25.25546528448266,9.398278249321999,10.092091934117246,10.58698656024557,2395.1701317979587,601.2640343898179,2001.069545598616,22301.224049842705,18752.151412840423,4942.967066654083,3523.964659637999,3549.0726370022826,412.9065604549892,76.35851022877301
2055-10-01,965219.9757999991,1696627.4078000009,551247.8775999999,877677.194,533289.0273999997,1817286.2432000008,414522.6711999999,3642689.4225999992,317111.713,2935509.107599998,1307089.9938000005,6.985848583298509,556.3343090820185,32.95740863144497,63.21035161788818,37.29067789058322,10.81615721495718,24.653850528943074,48.101948620728336,83.7234437250486,150.8367511381267,165.20152999586549,116.89072871415594,39.02818910854178,39.02818910854178,146.56036528894788,16.14019447093672,26.523375906710417,65.77797199941185,50.52191770020477,31.114320538292194,38.92698481413765,53.4626065926764,16.308884250691328,17.541571933340414,17.976341898853025,23.170664643062093,24.941126880727015,25.321308266448952,9.447103856034257,10.142016983773674,10.631375545139335,2370.2692172964753,594.1258517830692,1975.3050486890932,22070.993428956415,18567.378188350485,4979.83514795939,3506.8455546334803,3503.6152406059277,438.12809503596344,76.56392711030732
2056-10-01,947272.9241999991,1669937.546800001,539836.6075999999,853768.3802,524261.7451999997,1791099.8642000011,407763.01459999994,3629300.0611999994,311364.1742,2929093.4143999983,1288859.4494000005,6.812399282738072,558.0957256381809,33.373942844680904,61.40959653966716,36.118808255092695,10.98247283838427,24.004535471789506,45.933441240281994,80.96929353592323,148.26393313158505,160.51164677092748,114.66847661004462,38.08252721674292,38.08252721674292,143.6185519308631,15.970248063922345,25.664742285278052,63.648560568269815,49.49796415181664,31.0541770882776,38.64066405921628,52.985290535216926,16.333904251247073,17.573986727387,18.011136144729704,23.19490025928881,24.97818003142658,25.364807445165535,9.472908239417173,10.169793423283858,10.657464860019978,2364.301035630786,591.3433816949561,1965.9422773953356,21741.80070726927,18267.314632754827,4978.9091401066435,3492.6510359631066,3474.4860745144374,438.12809503596344,76.6574192011372
2057-10-01,944620.124399999,1673312.480000001,537195.3263999999,847034.5634,523974.39899999974,1794083.339400001,407944.94019999995,3620694.2487999992,311912.27679999993,2920830.269999998,1292017.4170000004,6.645179982457356,552.5614469555516,31.820339596655177,59.918732212341304,35.223193707406566,10.760855906243597,23.383027030084126,44.8525829231491,79.34816381472123,145.68886898230264,157.43435309226686,112.24373068263029,37.02543787919242,37.02543787919242,141.06155676820447,15.562736192814521,25.052983129914228,62.13139781216245,48.55690943677554,30.911931755413633,38.62718797198381,53.02297702129723,16.42430978154547,17.655230514463867,18.089556892686677,23.29968733576342,25.071478178922447,25.452934259147245,9.548932225114822,10.238982852741227,10.726179542055572,2364.7513567250353,587.3507753804319,1971.6851324123552,21765.286522030317,18309.908183428695,4989.020152684054,3467.9598039593616,3455.3783386016207,437.6497405999292,76.66583677612499
2058-10-01,953110.9261999992,1696398.452600001,541086.5809999999,849144.3646000001,529992.8853999998,1820398.7946000013,413239.3879999999,3678001.6749999993,316578.10719999997,2965049.3521999987,1310535.3474000006,6.597099984454063,556.64422237544,31.64526671978904,59.07326098193892,34.8773816579642,10.69824220644039,23.196978258040364,44.13148099971073,77.70856270773788,142.98219933149323,154.27177224885088,109.474204604767,36.290063626823276,36.290063626823276,138.1887584939291,15.486420865553928,24.757574582861853,61.398784624081856,47.602711662887856,31.12125523733998,38.91622186818822,53.424236028193775,16.48697170005497,17.71815544638197,18.150614973699557,23.35726212925243,25.126002562650264,25.504786862328015,9.61668126672786,10.310308331363585,10.796443103077364,2353.5366322574914,581.8086698823718,1973.0595520394406,22229.56853865214,18759.624180137565,5003.819339948822,3520.50498723227,3469.9443585145755,457.588984954279,76.56650048250933
2059-10-01,964167.8819999992,1710242.2044000009,547953.6688,864221.8176000001,535347.9747999997,1828764.4834000012,416991.1621999999,3685470.9879999994,319249.7825999999,2971330.6305999984,1319675.6138000006,6.595010298194461,556.8218773080633,31.661260761340206,59.18267126305972,34.914184823206504,10.715995211129425,23.228401756035105,44.20875950200453,77.90799611798019,144.01564852109072,155.0350452039877,109.91515495114275,36.47947363909905,36.47947363909905,139.04163531969448,15.495426605299215,24.788331105597166,61.47506080112482,47.8540802396755,31.17063038159911,39.07424726123409,53.77062253388612,16.526404789807536,17.757548978495464,18.188654570831634,23.391546512972404,25.15883479701384,25.533613977606006,9.661263065078556,10.356263162686739,10.84369518506456,2337.812521579572,581.2975818945569,1967.4431893248363,22289.82683688046,18818.357761987325,4992.71754337268,3515.638249204631,3471.469074893132,451.19753054808336,76.56449562128256
2060-10-01,956296.4555999992,1695828.7828000009,543313.1856,856061.2860000001,531757.4531999998,1795803.628200001,414330.15819999995,3597088.869999999,317523.86999999994,2895895.1393999974,1305646.8134000006,5.906563715426399,531.104615777969,29.09086022155836,54.775161102598446,31.907767846724727,10.714675759052684,21.191909712814272,40.524690531052705,73.38801801212988,136.7901784016928,145.42863320312532,104.45874284367959,34.549624877086025,34.549624877086025,132.9124051731904,14.20802604999058,22.84637132363915,56.65900054153134,45.50934604967198,30.898058321758953,38.800231147260426,53.60492383399203,16.599134104967607,17.824949253921833,18.25668799583615,23.460711443812464,25.21840520759859,25.593769596665528,9.737556764102214,10.431493300044712,10.919606417420184,2324.6519001144056,578.552612517328,1958.9881545485523,21740.671438353867,18305.700048608353,5020.312239454197,3523.7633894406404,3434.9713897455144,473.24937661030424,76.76210753516347
2061-10-01,938378.8237999992,1664222.8488000007,532239.6788,841112.8018,521263.0397999998,1754844.977600001,406602.5093999999,3523654.819599999,310404.8009999999,2838233.6205999977,1282196.7026000007,5.784154428742231,513.1020484548492,28.208335604748868,53.61404032557255,31.094956102912473,10.4043216543071,20.704942507177783,39.924050754819945,72.00689258332518,134.51992855513387,141.12122618495877,102.63702838544651,33.687918875679216,33.687918875679216,131.02012710905245,13.797453980355565,22.353552534808404,55.43680998273705,44.45436679251995,30.68033320779716,38.4742718538782,53.17106477993593,16.656834274915187,17.88285159790274,18.31400968304479,23.51861828267002,25.27423271932868,25.647558842334966,9.795050263187917,10.491470476781503,10.980460546922686,2308.6024567464897,575.9091331819997,1940.3234565293885,21182.60168358188,17810.52168951211,5050.695633273487,3496.5725140494824,3372.0799940697734,493.48821140923775,77.05053778973958
2062-10-01,951660.6885999993,1677859.7210000008,540064.9038,852600.9138000001,527716.2823999998,1761935.718800001,410845.60799999995,3526191.1059999997,313479.9547999999,2840082.151799998,1288684.6478000006,5.756990044300807,510.0456526752721,27.996752600907836,52.98552525095368,30.697356108001568,10.432294804900062,20.429521138546185,39.49202389160423,71.36201259226412,133.63940743111715,139.80842016059026,101.89647383036353,33.12245477960988,33.12245477960988,130.90626623153204,13.693063589150702,22.118469064499788,54.853802971375735,44.16210662346554,30.770466480994255,38.641193527787934,53.543500364076934,16.72495180970553,17.94728858503498,18.372884479415728,23.585884037670198,25.33167217078148,25.697661309414652,9.86401957849378,10.562904995930765,11.048107669960636,2321.341142869209,576.1999976215553,1951.304099586339,21297.7348466426,17902.963393437207,5040.484555499983,3481.2668493836927,3394.771453205394,455.49108760782684,76.96221517381463
2063-10-01,966492.5989999993,1701622.459400001,546987.031,865892.6118000001,536645.0499999998,1775579.7562000013,417918.724,3528636.4435999994,319199.7235999999,2841400.6129999976,1301548.8788000008,5.716614110474172,506.41783527399826,27.758855621824083,52.47194384912723,30.513517754448994,10.344579735403592,20.388480547130715,39.46240222017038,71.09290025798963,133.5202233965673,139.32866919373913,101.5091111881026,32.9844782376197,32.9844782376197,131.1127095446755,13.606967894237327,22.033151174994742,54.64221461055373,44.05594287150975,30.867793892711187,38.90662991109869,54.056560628787075,16.774610940253666,17.997740015778408,18.42122163600141,23.626431412734206,25.368863039791382,25.73270743953412,9.922790468853636,10.626616990354744,11.109735849942897,2331.9047364561525,574.8631600788115,1961.5614992988337,21538.827810147355,18134.944969880275,5040.682330679012,3495.05835785228,3403.8828402670792,460.1712090147295,76.81573932545008
2064-10-01,961642.0431999994,1689526.0894000009,543261.6934,858407.0462000001,534082.1737999998,1755933.3394000016,415606.13340000005,3493940.145799999,316784.68079999986,2814297.1713999975,1291891.8394000006,5.3482760206096245,494.9210434039856,25.89459480574642,48.93147096509114,27.857321022463562,8.142226338504512,18.070495943875954,34.99879346105783,65.42516045098442,128.89352804801055,129.74263741072664,97.06188433127566,29.958794979171135,29.958794979171135,126.24912758721116,12.586223558794954,19.545229501892145,48.472168815588866,40.95092668642532,30.77332938769783,38.75688746397457,53.916025799577156,16.838966830001887,18.06198933085082,18.479756979230366,23.688465385134712,25.428384135276282,25.788499221077174,9.989468277882535,10.695594523825228,11.171014753542776,2317.1647699446075,570.7442640250902,1951.6336309972164,21271.541035065093,17898.058617455223,5078.975355046328,3528.170447463339,3373.4824176098714,482.1391334863423,76.94036354057434
2065-10-01,976791.8737999994,1719512.6182000008,550825.8716000001,866098.1428,543235.4931999998,1783780.7758000013,422892.084,3537734.927999999,323657.23439999984,2847387.243999998,1311764.1648000006,5.266334583684637,495.63458951665024,25.599563372261255,47.651290858291624,26.963330394900712,7.784949842868026,17.531832861898657,34.417600024218835,64.37772269385779,127.6469131457326,127.73618190181125,95.88685858337296,29.221597280270313,29.221597280270313,125.73783364433265,12.38196711612162,19.058356767166217,47.264724446104786,40.33819072857654,30.88334101969313,39.00299938062778,54.40009645746167,16.9083465836698,18.12706704029093,18.538465293775797,23.756921857617126,25.492507573779186,25.844887859312717,10.05977131214363,10.761626502792492,11.232042743669295,2308.1244216106643,565.9536502054063,1945.0070901246838,21685.38560293932,18307.02860398358,5078.83190508764,3544.93397920649,3378.356998955741,494.0280838836241,76.75990977594599
2066-10-01,948909.1491999994,1665258.2786000008,534474.8764000001,840205.333,526374.1897999998,1721056.1278000013,409081.00499999995,3427856.541199999,312304.57999999984,2760908.8775999974,1271681.7862000004,4.642225547198194,481.9917955886667,22.324767751606508,43.57874393381488,24.313797271485907,7.260467646857071,15.652283264635322,31.48922021871601,59.798643388548655,122.90654982678063,119.21534729833179,92.05788264977544,25.56818583122986,25.56818583122986,121.75956344326036,11.664194879203457,17.2871633062793,42.87216464310943,37.69452672723744,30.533519436193497,38.39405880386626,53.56082577624134,16.978176721752174,18.19386512128396,18.59611871742479,23.835150897749937,25.56601606647106,25.904603475199245,10.121202544853423,10.82171417367017,11.287633976692723,2257.9438323251297,557.5751868390413,1911.5129268783485,20973.793861801154,17674.227598421552,5142.883924481557,3553.7191906618114,3299.5662633796046,524.0144135604897,77.35454773486032
2067-10-01,957816.1739999994,1673184.3090000006,539198.2938000001,849062.953,530919.3063999999,1727866.434800001,411876.8299999999,3432273.977799999,314747.7387999999,2763657.5835999977,1275932.1122000003,4.567843653198684,478.0018689141304,21.22637714280373,42.27186040689624,23.754900681887374,7.250258879344998,15.337820596971637,30.789121807776258,59.26613669818852,122.4472720704528,118.07258002656934,90.71996258388255,24.818557086165224,24.818557086165224,121.0686548024504,11.401372488625976,16.97872048600699,42.10722646464621,37.29630379296587,30.537530738336713,38.45858987343549,53.70294571613357,17.03687231141496,18.24999063744471,18.647498110696965,23.89341074132316,25.621605720675237,25.95179489071129,10.180333879227028,10.878375550521081,11.3432013447966,2226.3230105086104,552.4934081185951,1895.5329768478916,21012.733480570827,17738.146072246345,5150.097719641335,3556.433386766538,3274.587408324488,541.4273053175925,77.50109910401997
2068-10-01,962229.0785999994,1680934.9576000005,542727.3862000001,855293.4763999998,533042.8603999999,1748062.0306000009,412873.2431999999,3476691.8207999994,316048.0181999999,2797192.202199998,1286421.5260000005,4.2612189976400465,474.7659467063548,20.45301112955116,40.85715248250412,22.7208749290229,6.932516402920872,14.791902779921175,29.74973275967919,57.32925776948146,120.14911638364322,114.31296250152577,88.43870063128638,24.24093023258815,24.24093023258815,118.70087386865224,11.085632677719643,16.364490236100746,40.58393548550905,36.30037362649928,30.73199434294121,38.71057218188559,53.82069451587284,17.096725737623196,18.308177212811735,18.703748248169774,23.955029919990622,25.683891748452925,26.014806397484314,10.23842154967941,10.932462674669951,11.392690111554295,2208.313837638278,549.3031655787044,1884.748788028625,21159.401734057537,17884.35660443451,5153.774382856758,3573.3408347410477,3275.045129623033,552.7560427699595,77.45407293930334
2069-10-01,973209.5479999994,1699507.8210000005,550315.1730000001,863482.0561999999,538822.2587999998,1771618.585800001,417111.5929999999,3537956.0687999986,319648.2395999999,2843397.8653999977,1301876.1094000004,4.088407523308956,472.54505487107133,19.144940652623117,39.10274429732792,21.535897552111997,6.853744817542239,14.08606905359171,28.38448680092746,55.19846577948986,117.9640328891255,111.59238101414539,87.18122233939829,23.448342564735587,23.448342564735587,117.78788852150547,10.692328087430344,15.576012940108653,38.62851181467116,35.57513450504742,30.97337525222336,39.037419545456814,54.25398908162019,17.162633902572225,18.371962509426975,18.763328487835736,24.01582637626895,25.73918900485954,26.06423737703204,10.309441423461863,11.004736010159895,11.462419610807881,2182.6558779378993,546.9392349048094,1869.7363340867025,21421.0988273969,18149.103028167512,5149.054485165467,3573.4691224151284,3271.9957992293926,555.9336608376814,77.46388559139571
2070-10-01,956846.7667999995,1696318.9588000006,539053.0556000002,838182.9531999999,532129.3067999999,1786832.434600001,413976.0563999999,3611655.310799999,316595.1631999999,2899526.392199998,1307522.8124000004,4.046003687720426,476.5088769698948,18.904020098579622,37.97592564985836,20.87812056427848,6.523351952197766,13.664912883334562,27.562997512992055,53.083679440314135,113.76722795675329,106.45096349625554,83.37088654012308,22.180153522992864,22.180153522992864,113.50895483382712,10.55615518512143,15.099257419745891,37.44615811764913,33.97082570669645,31.232668713381358,39.21941612810088,54.211456826611546,17.21553006718382,18.42644524925438,18.819700268100604,24.070135416678195,25.79620270301937,26.124580390481935,10.36092471175243,11.056687790031562,11.514820158760568,2174.2776720814745,542.126281004888,1860.544478596429,21652.758727417193,18386.831718323527,5165.781088302455,3604.050583856771,3265.927009093665,568.4240796044306,77.43040516113092
2071-10-01,949345.7421999995,1681605.6638000004,535000.0238000002,833419.8219999999,527095.8435999999,1772630.9242000012,409864.9761999999,3588191.0243999995,313936.2987999999,2882055.106999998,1297045.7278000002,3.8789034120046897,472.6464018434895,18.310139007082906,36.86412314307421,20.20123882900089,6.37700674997387,13.269300156963167,27.10113311434863,52.09829765454951,112.16492935829683,104.19826280157353,81.79333829678514,21.403142023645113,21.403142023645113,111.68245262319788,10.372375432597597,14.755547621966782,36.59375781134156,33.21453493638349,31.193208467262735,39.11546488515908,54.006333851266966,17.281407537909114,18.48903256686275,18.87991634715075,24.134152867622987,25.85151032448588,26.176391909913843,10.428662204408509,11.126554805013148,11.583440797563085,2152.2212783104924,534.2763627106401,1840.8454768283868,21584.872667479845,18353.74641723673,5196.010841044227,3596.2550197257656,3231.1262502431146,589.335155088039,77.48746966313303
2072-10-01,962594.3607999996,1706269.2858000004,541432.6766000002,839245.0808,534116.6355999999,1811495.443200001,414740.03099999984,3669426.2799999993,318809.7503999999,2945753.417999998,1318710.1054000002,3.886119851029733,476.458548536856,18.12626393833997,36.79202012168766,20.19890843028455,6.354126201575082,13.268328101067073,27.384345712012717,52.71816996774849,113.4366789143549,104.6992376308423,81.4458769077922,21.398902030745674,21.398902030745674,112.0698531665267,10.409701496778169,14.844841052694422,36.81520549835507,33.32893534143608,31.58978470433199,39.625752711982244,54.543208631118084,17.33721137399677,18.54249585392886,18.932968676174973,24.177999989710855,25.888342105298392,26.212319034250815,10.496422751390185,11.196649599814902,11.653618331449287,2151.3334673920176,528.4230410806895,1843.8529567021762,22108.18290234824,18860.112167315532,5193.439660834918,3639.601719236793,3248.070735032701,615.2412316092685,77.23951899128457
2073-10-01,963188.6529999995,1706773.4222000006,540257.0604000002,833856.4282,534489.6814,1816535.6020000011,414823.4467999999,3687024.0441999994,319189.8681999999,2958695.500599998,1320971.6190000002,3.880818211590429,474.02420667531874,18.102013664137615,36.49858672309777,20.1300350268925,6.346440409376483,13.251023126390832,27.311933382417795,52.3227966450787,111.75035046808689,103.96048080779288,80.1224948184773,21.340710005541272,21.340710005541272,110.41001076486184,10.379061690411437,14.80199986514557,36.70895935140411,32.93473880988377,31.66016413420142,39.68353133265586,54.527538213219124,17.407427231297827,18.610792726608064,18.999162560073454,24.24584795284717,25.95342546391027,26.275106137261417,10.56900649804547,11.268159986354826,11.72321899295484,2143.2402300674526,520.6373811083773,1840.2371426356642,22178.50607883072,18937.60369139623,5206.720664648183,3676.987376422278,3240.902387434486,659.795236392968,77.20659482996153
2074-10-01,950832.2291999996,1682714.8738000009,533124.3980000002,821005.9393999998,527204.3084,1788657.316400001,409038.5531999999,3638088.9121999997,314378.9513999999,2922018.4811999984,1301397.7730000003,3.8579206772608314,472.84103293274677,18.11045585556205,36.44167603735604,20.11594187590336,6.346083697049361,13.249286139940391,27.367394204954316,52.38881472248486,111.64708470891134,103.78090053021931,79.9059753576794,21.28503932115793,21.28503932115793,109.99492638475282,10.381009753907133,14.801090634897971,36.706704461636924,32.872979056522105,31.39817605491677,39.361747652403736,54.14599836662859,17.448512162932705,18.65250560260135,19.03619160110246,24.293096172219645,25.997387655400548,26.314419563736422,10.603928141998269,11.307623547325507,11.75796365209126,2127.834366025382,516.8822254462843,1821.7641215695655,21862.830776720493,18659.219255237753,5225.0963497805,3646.6525777272727,3203.611521482736,666.7513036497132,77.45728689506691
2075-10-01,918209.4855999995,1640783.1406000005,512240.5976000002,786287.8027999997,510391.94980000006,1742245.5382000008,397157.66919999995,3572717.5278,303286.4001999999,2871638.133799998,1272380.9092000003,3.162999503295366,461.59487632808856,13.302709243458661,29.790932703231114,14.953377044493864,3.611176283936162,9.859060985547051,21.873574554074857,44.111088669018926,99.24483407997782,88.44144558062283,69.35141262447212,16.414471651534033,16.414471651534033,99.02696154864502,9.113986859237587,11.296920817963302,28.016363623718576,28.038534564037228,31.292752946626088,38.99481777363137,53.53592016656573,17.54425949781835,18.74893336859195,19.126946561802217,24.392139469900048,26.09249402582102,26.401422277137243,10.696379514477805,11.405372710207184,11.852470860019766,2106.473489326915,512.4541982873391,1806.5437661195963,21364.929357189856,18200.395273063965,5299.630151548077,3714.5136631235746,3164.534084125887,706.8512734430905,77.62843427637902
2076-10-01,919018.3735999996,1646491.6488000005,512586.21240000025,784056.5501999997,510749.46640000003,1746468.3360000008,398059.85459999996,3589456.8779999996,303972.1808,2884694.4059999976,1276302.5560000003,3.085558956900747,460.0263054543578,13.04710322372006,28.873054876174645,14.674721148087704,3.5967779277303658,9.682697701727315,21.539192651735743,42.96799877978446,98.306573808409,86.10184396879303,68.31194411461514,15.961142329215527,15.961142329215527,97.9350848604749,9.000072871276869,11.074002670870795,27.46352663065726,27.49796824941721,31.462773152260617,39.18486780950541,53.83308082207155,17.618591279571472,18.821869532846957,19.20171423231605,24.456760289592793,26.15244800013985,26.46235761911597,10.78042225460133,11.491291066856865,11.941070859393061,2068.0431417862296,507.8891936225175,1779.6344146644615,21351.263758979218,18208.49787134314,5311.800535167816,3724.098645060063,3142.765887636071,738.204451869395,77.64732634117502
2077-10-01,910554.5297999996,1632969.7750000004,506692.86280000024,778262.9473999996,505490.9280000001,1725006.0048000007,394748.63739999995,3564632.1629999997,300701.4953999999,2865585.3429999975,1266911.3048000003,3.060415241881312,453.25962954284995,12.585058413904399,27.800494950124726,14.119456609522816,3.5894260149035775,9.387136729228578,20.848265614791977,41.52287363365134,93.98616255945952,83.57354648749418,64.34254474533351,15.523523271454895,15.523523271454895,93.24447884526417,8.813403902989874,10.724526964140885,26.59682687739923,26.4996188402087,31.492508801179696,39.05913991265141,53.67348529392957,17.694510079521347,18.889357128376783,19.268547715836775,24.528887483437963,26.209508942906197,26.51992295409038,10.860132664627487,11.569205315072265,12.0171724914789,2056.928813410996,506.42240583383807,1769.0627877396266,21061.19365228845,17938.077865441664,5308.281459432963,3720.6671070749285,3123.1157868467767,738.204451869395,77.67901873268721
2078-10-01,918723.0991999996,1647357.7590000003,511073.0764000003,786555.7061999995,509498.40300000005,1741227.2684000006,397665.2467999999,3585973.517799999,303232.0295999999,2879938.6449999977,1277952.2108000002,3.1049872952745847,449.8370965787575,12.40933183489146,27.43395354659331,13.90918537184899,3.5752084808513946,9.310975087454466,20.612043705691914,41.15503196887983,91.3303444657024,82.85512564426855,61.80458967215977,15.60010190971784,15.60010190971784,90.29601524604608,8.726161501732513,10.625178064543302,26.350441603920203,26.065712758408107,31.555957269070166,39.24868788772679,53.905599811666264,17.783555559981682,18.97355438800539,19.3505375794023,24.61458008695421,26.287417435922055,26.595805693954368,10.952531021310122,11.659691341973557,12.105269475849013,2064.8220826092206,502.81271818263406,1776.655729021949,21170.40602825678,18051.24825765829,5309.931069486385,3736.8767960109312,3119.157770598484,758.3721570536902,77.58361381656114
2079-10-01,907344.3661999996,1626689.9288000003,504780.5542000003,774800.7847999996,502327.1852,1716827.1752000006,391983.97439999995,3519770.3799999994,299053.5743999999,2827011.1153999977,1262337.9674000002,3.006395516441012,434.6679216430433,11.521304449232048,25.111420912433022,13.158854122949663,3.5752084808513946,8.815023315104312,19.004748284407537,38.93081763591596,86.7335311999975,78.42214315140986,57.748857400782065,14.724560910378903,14.724560910378903,86.07656907920901,8.308669493141258,10.013027036169621,24.832307030907295,24.783532031943825,31.255429652725113,39.00867627192028,53.56601003948941,17.89206254204973,19.080219822277556,19.453313954741756,24.73837384731657,26.40892864891413,26.710482627215242,11.045751227233701,11.751510994699697,12.196145290071456,2034.016836146034,495.96318390290537,1761.9217017701644,20891.318245226565,17832.821061472496,5339.974321521061,3713.6086994913685,3058.4971837540675,774.827726763192,77.78935540301373
2080-10-01,916588.7199999997,1639114.3078000003,510127.2760000003,783554.4563999996,507714.691,1725535.2206000006,395350.29519999993,3523116.9855999993,302738.7745999999,2827106.1581999976,1272075.4160000002,2.323573042314066,427.1396487681229,8.840027173186392,21.246351882089353,10.025380174301134,1.5541542247779785,6.2767520894453135,15.823668816572047,34.246587464816855,81.29495308116373,70.92565311546444,52.2231122095999,11.390274416790103,11.390274416790103,81.33697125681064,7.284217441015474,7.741066551888236,19.197845045503957,22.243178111549398,31.243308200066686,39.10159279022287,53.792880617466764,17.994841446046838,19.17685023218454,19.54410984446228,24.840525627784714,26.499788922693384,26.79267166736007,11.149157254233641,11.853911543245163,12.295548030832176,2010.7014050310643,489.0878295845729,1754.8004688984659,20928.931361106617,17906.193905111057,5383.044805941889,3757.6854656543774,3022.7374559955606,807.0692448278006,77.82188611505745
2081-10-01,914445.4689999996,1630719.4284000003,508034.9174000003,781696.3231999996,506026.6718,1713568.694000001,393548.9861999999,3490220.128799999,300966.18339999986,2802053.0069999974,1264045.3998000002,2.3235566488718096,421.64230264415113,8.79005886867444,21.332613723525647,10.068622331789962,1.5540432958157575,6.321484489310771,15.914484955147234,34.367555733957325,82.52652714273448,71.11213565076096,53.142942093326084,11.390064167424658,11.390064167424658,82.27415542318475,7.230220682029488,7.782276932245022,19.300046788535266,22.433808469272627,31.158230908319606,38.977922618690634,53.58691897964542,18.048372686052318,19.227317395021263,19.592420924877764,24.890093341297902,26.546827156335823,26.839041067047678,11.206652019842936,11.907807634310718,12.345800795593814,2003.7810639281442,486.20272947612796,1746.7128672885915,20629.967758354196,17610.4601206326,5390.961316337285,3763.599041906477,3019.5076377215964,816.2126393538647,77.88036916461877
2082-10-01,928662.6025999996,1655716.7218000004,515900.5968000003,795400.4627999995,513336.99799999996,1742509.0560000008,398993.90019999986,3526314.1149999993,305912.5089999999,2829803.2525999974,1282643.2966000002,2.3822393911408812,418.4269124880508,8.965889000361969,21.586815369400664,10.195855221096018,1.7131030199964232,6.474689424372376,16.152667981328843,34.58580615029822,82.99875998007836,71.8518912295973,53.457576066800456,11.674849376041827,11.674849376041827,82.74566335227591,7.207758767758739,7.903167267650549,19.599854804593782,22.646203274991404,31.298985693141503,39.29055832372097,54.04796067253474,18.11117980939982,19.293024244093342,19.65753078840723,24.952478546867233,26.610184416974544,26.9018772296932,11.269881060748359,11.975864072372394,12.413184357410136,2004.5020115499292,484.0315939490037,1753.3367053632683,20908.521496424146,17876.338136727136,5398.356918673968,3783.9798861990666,3032.1833596970127,823.9177616710381,77.81991978207438
2083-10-01,956780.5229999997,1714303.9878000002,532372.8936000002,821592.1165999997,529859.6238,1815629.7894000008,412046.60599999985,3655377.3663999992,316926.9523999999,2931106.753399998,1329013.8488000003,2.4061060121442917,422.8730771012635,8.90528229902957,21.237488498191002,10.120659383114472,1.7130180884883084,6.428964364660089,16.114662156172415,34.537545933168076,83.31741793128356,71.62318176185141,53.715462642967616,11.491723166085617,11.491723166085617,83.38703864825233,7.2095654694834685,7.855018186172597,19.480445081605364,22.619352463060057,31.85230562045795,40.15887920973756,55.17473294417761,18.184497853068557,19.366358491138545,19.72638181446018,25.02271691522184,26.679179993590914,26.96428173850263,11.346278777690998,12.053536991544831,12.488481900542299,2013.4335790239213,483.5195381317641,1766.1102543409077,21679.63588767159,18615.963367058488,5377.722871926101,3820.0771810127317,3063.67252061311,828.5258955686057,77.55881736426885
2084-10-01,956876.7383999996,1706098.5076000006,533373.2722000002,823076.0335999995,529437.1127999999,1809151.9524000008,411037.91819999984,3655679.6025999994,316799.84039999987,2931197.501799998,1323249.6374000001,2.397332861381927,418.29875113715883,8.272311910956759,19.25589835446471,8.855149220700536,1.6580674061487053,5.6602147780517775,14.193131193473846,31.537852189688497,81.49858893564424,65.7421291294373,53.48276235753116,9.94700372536413,9.94700372536413,82.70635205759793,6.972508347935636,6.9952404864540645,17.348196365299575,21.490228615994337,31.827739518862288,40.079767526575985,55.01497158127096,18.253174017924255,19.43932561494094,19.798521267485896,25.091181023545236,26.755081913282446,27.039074615203468,11.415166996622954,12.12356932065406,12.557967927286619,1993.8780539334682,478.5646717317111,1754.1130299701754,21619.00319544519,18571.749512781767,5391.497925327076,3843.4807031199757,3047.2536826634328,867.8856404636035,77.63293812215737
2085-10-01,974247.4985999996,1725523.2206000003,543986.7930000002,842289.8227999996,537632.5447999999,1830112.6966000006,416467.22359999985,3690306.8655999987,321031.08919999993,2956923.0641999976,1336592.2898,2.503945856951447,418.27675657891683,8.972101779180559,19.3967469168448,9.262076794244312,1.7583417342124827,5.956244568092119,14.788219655300184,32.133100256956524,81.45609555488042,67.60937886005382,54.333923885658116,10.320208403347118,10.320208403347118,83.26092386616308,7.193111094700697,7.27062602564443,18.031152513305738,21.865474234951712,31.974201526658412,40.31038694438809,55.3216003874741,18.301488372604712,19.49019298397826,19.848128233040974,25.14011183015178,26.802838613851883,27.08730454879462,11.46286489753701,12.177547356393866,12.608951921907565,1975.0745827420128,475.5603760243221,1744.3890397989783,21759.650825755587,18705.31046862805,5379.444147290491,3847.642023834409,3054.340357127541,867.8856404636035,77.60612792819771
2086-10-01,980042.6873999995,1740227.0382000005,547391.3498000002,845507.2103999996,541509.9689999999,1852050.0900000003,419445.3903999999,3729342.2575999987,323791.5283999999,2986765.779199998,1351077.2785999998,2.445131609937676,417.2666535067895,9.253712737290233,19.364150202250208,9.284087754993061,1.7628726931197278,6.030983198965003,14.854989523674053,31.946430120805275,82.45042870119124,67.3605646224331,55.01619072036133,10.532688953454398,10.532688953454398,83.81066517722333,7.156125442923891,7.302671384549049,18.110625001867486,21.98850746058114,32.064292758048936,40.53339408116037,55.57796587119763,18.36633631843204,19.55559298505996,19.908495356866887,25.211247170777074,26.875178887826575,27.152497974587153,11.52142544544856,12.236007080820237,12.664492743869726,1953.9549809939278,475.8532501319724,1732.6052497925987,21990.61022281835,18921.396467326886,5362.248188865598,3882.3915415379374,3069.213755491472,885.6587709631203,77.46709195912487
2087-10-01,960616.2707999994,1703072.1508000004,537090.9308000002,827619.6977999996,530324.4329999998,1816246.6038000002,410213.0548,3676386.790399999,316815.05119999987,2945650.661599998,1325983.723,2.2325170706339104,407.22893002352725,8.036599009394552,17.453502408412483,8.112362865359078,1.7805035723738578,5.415153594527123,13.176422685131616,29.30127393553434,77.09853410421088,64.77247800053509,51.08972374419252,9.884397232687398,9.884397232687398,79.36766953029644,6.625626279149948,6.579053218376931,16.316051937222667,20.73579381157976,31.777240387478468,40.047903925335305,54.746884767435986,18.435352293870945,19.625149938410253,19.977748060008867,25.283883129805726,26.95291365210759,27.230990984824746,11.586821440352903,12.297386223079998,12.724505137836454,1920.4010649843235,470.43641981163034,1705.408819777515,21564.481137631905,18559.46125915214,5382.846945443024,3851.5758885875175,3005.019878479767,905.7600255074628,77.75903582171654
2088-10-01,955185.7229999995,1694442.9642000005,534815.5304000002,824998.1647999994,526922.5323999999,1801615.6746000005,407812.01599999995,3650602.6389999986,314636.9429999999,2924979.526799998,1318732.8037999999,2.1580228228446585,403.04934175697167,8.023444487909654,17.193596109984117,8.049136015587552,1.75177973701661,5.377335511286561,13.11302871138427,28.696232836586947,76.78291382853054,63.56017664263874,51.165798252342256,9.920973122092516,9.920973122092516,79.24760268091448,6.549784786272925,6.51178630297417,16.149229988487885,20.54368929544811,31.73872096604556,39.94449334598119,54.69171423518138,18.4965251694582,19.68533240400273,20.033848881438605,25.34304367606933,27.00904954181414,27.281326326343624,11.650006646032342,12.361615264225883,12.786371440101334,1921.5708329531421,469.5533678079718,1699.444618017609,21310.41236922878,18330.433088913924,5387.008119768984,3813.473505893618,2979.9792803148594,899.0518126401424,77.84669402652888
2089-10-01,939054.4687999994,1668605.9828000006,525095.6016000002,808872.9309999995,517780.86,1777550.7550000004,401185.72579999996,3613482.1791999983,308982.4423999999,2895909.364799998,1298441.3298,2.140039215849529,400.1384914992341,8.00542153767268,17.077286849676526,7.954287881964359,1.75177973701661,5.338134665432312,13.00620856778735,28.237613238221712,75.01865670913598,62.35316143525887,50.075291098104756,9.664338715701332,9.664338715701332,77.53701029914255,6.5165490339984675,6.453522999214904,16.00473699439795,20.102918450991268,31.499133399363828,39.55739501042247,54.1678576351224,18.56246085963624,19.751978411716937,20.096443136816923,25.41824772109177,27.082967170875826,27.351021869975543,11.706673982426024,12.420989653280207,12.841864398575183,1916.1330117572768,465.45919791916253,1685.502744792382,21074.27307170298,18126.98338942746,5396.887225571652,3787.0793978009206,2947.2896822755256,905.3473025867789,78.1834119274705
2090-10-01,951947.1347999997,1685324.4430000004,534212.0576000002,824462.1581999995,524424.1554,1794736.6228000002,405943.73419999995,3626247.2121999986,313650.6803999999,2904913.9805999976,1309324.88,2.1323444209725944,395.7940321541873,7.977614962119621,16.971118633493763,7.92891308808212,1.75177973701661,5.330575761241727,12.925534593435623,27.54612939242604,74.61675972491807,60.955730754907165,49.752914656880776,9.505532145742945,9.505532145742945,77.3306766524401,6.4519198058686875,6.4090211629168445,15.894372441172173,19.819457258510557,31.538851145753625,39.71979230930278,54.43911193163575,18.632687435918793,19.820496493355847,20.16383163034176,25.491886626316504,27.154242239341805,27.419988445702614,11.773488229245567,12.48675074960707,12.907674809303376,1897.6637904492682,458.0211426922243,1681.0320713518697,21221.768435589176,18300.138725831865,5406.475432510464,3795.775689887998,2921.6297097573206,939.5869153101332,78.26715995601656
2091-10-01,947263.7793999997,1676518.1044000003,532472.2930000002,822863.0141999994,520952.6574,1783308.6830000002,403495.87999999995,3599919.816199999,311683.26139999984,2883355.1065999973,1303455.3909999998,2.0100977252494663,388.1469048781429,7.580938651854864,15.503120599171229,7.342389219776167,1.6012208099501906,4.900219963717454,11.676601918037617,25.774025995441008,70.46908960762785,56.82819897685644,46.49720184286032,8.774672542790674,8.774672542790674,73.44464926512457,6.135345610227853,5.906473581358658,14.648054400669169,18.61803767582268,31.375813073486764,39.59210958689545,54.29128800291959,18.696592412538948,19.883718614960276,20.22597309097977,25.56127380367916,27.220350566907932,27.484337401914868,11.831911004094895,12.547086660702666,12.967608773631161,1877.2931553693438,452.95289681432916,1672.913252125228,21076.560351202275,18166.59692264789,5418.207967082973,3792.660336046779,2909.9634285543953,948.1378426718388,78.38195451411345
2092-10-01,944732.6325999997,1668111.2838000003,530872.7114000001,820508.0407999995,519754.33680000005,1770802.8584000003,401830.29199999996,3580724.455399999,310534.48219999985,2867685.032599997,1297441.4686,1.9250643014990985,384.7387569200557,7.596394541851464,15.231162793060847,7.2346440174139355,1.589279440414202,4.791758044424545,11.288725767181338,24.86599586574705,66.7539148323083,55.03020279954889,44.12059138843163,8.664574462194794,8.664574462194794,71.59331437933137,6.061915787781183,5.728920908523821,14.207723771482081,17.960577725783846,31.285484691080207,39.47618016461804,54.149407758611126,18.738474877866388,19.927153135139555,20.266853091629837,25.602262297533212,27.260329198123486,27.521759866938798,11.87468744290146,12.593977072207096,13.011946308007568,1878.5082294047988,451.1888751715453,1673.1461266963038,20809.841346484445,17916.371210734058,5428.301014557481,3785.9844643091305,2893.4701357503945,957.9552637381913,78.52908233961442
2093-10-01,942000.1311999996,1670809.0760000004,529016.1950000002,818642.2653999995,519096.5854,1779261.0270000002,402162.8645999999,3615468.604799999,311036.3007999999,2896095.046999997,1300610.931,1.9247026157421518,382.6216767579344,7.4957324416964495,14.66650473644076,6.944242721817079,1.4924215176648423,4.668468208244764,11.087890696403193,24.153310013345326,65.02656921551429,52.74231766117612,42.7476061658127,8.209150910732605,8.209150910732605,69.62303189533866,5.994077945760382,5.572744127786013,13.820405350428336,17.311524853942853,31.420256317431267,39.5929747031134,54.2439814920614,18.830005226726623,20.01570068183082,20.354829119765753,25.693215058556508,27.346683031665624,27.607954893763548,11.966795377453728,12.68471832853741,13.10170333844148,1881.6660020541624,448.047753311876,1671.213859186984,21066.02708053118,18176.964286882983,5436.074421685368,3795.538981009378,2889.0627936482015,971.9171225406316,78.51426342576036
2094-10-01,979995.2197999996,1701157.0542000004,553437.7212000001,864669.8467999995,537084.0582,1803547.1244000003,412865.2199999999,3639712.8201999986,321127.4979999999,2913589.1885999967,1316944.9880000001,1.5836916703893624,375.2263865902173,7.223938468861707,14.262056541884721,6.887128738257798,1.4924215176648423,4.760862740017325,11.107525217129853,23.158145052993618,63.03778347232346,51.39180753863524,42.94031955078066,8.270009541125253,8.270009541125253,69.29405829262569,5.695088860753587,5.550775827788171,13.765923965459622,16.99630625586448,31.570606573882056,39.92047135159357,54.856647835629055,18.879113171424173,20.06552807864169,20.40445870738339,25.73164629205402,27.382960291178748,27.643737909027777,12.026580035920844,12.748095863115518,13.16517950279715,1876.1005704283189,445.828666077557,1667.100828904394,21326.346222379874,18451.598325698058,5441.215869370643,3799.367249272442,2874.7478966818217,989.8104587414456,78.58303650668654
2095-10-01,981349.1725999996,1690900.5006000006,556516.3188000001,873128.7893999994,536396.7508,1777640.3314000003,411566.8932,3549160.6337999986,320767.22399999993,2837708.661399997,1306628.2218000002,1.4620778384648678,360.0460597534451,6.688406529300137,13.171614150902704,6.480527896541333,1.4846757643373811,4.418137998441035,10.17415598074293,21.903626524767706,60.11371656647562,49.8948378298798,41.94261680429021,8.130785476014903,8.130785476014903,68.19579336197184,5.250594121799731,5.158507731417565,12.79309910511763,16.587225839506022,31.14380602889007,39.602382848701716,54.639986937923624,18.94417284150704,20.125924884478106,20.46198670511375,25.802467316090723,27.447369295122467,27.70343894288464,12.085878353798575,12.804480472755252,13.220534462525883,1865.0560411602771,443.66753390848805,1660.0371415125214,20874.465056791043,18032.444819306427,5465.786504972243,3817.506734208501,2842.0202374846162,1032.1667020546686,78.78634158298846
2096-10-01,996652.8921999995,1714622.9540000006,565275.2444000002,887477.5335999993,544675.1074,1801243.4064000002,417579.4262,3587125.870399999,325932.2175999999,2866406.507599997,1322819.6866000004,1.4620778384648678,363.39736929771067,6.6883911868347266,13.07061579362631,6.448531182210633,1.4846757643373811,4.392478272886033,10.174603104422427,21.815510352042498,60.27980970202848,49.47582303576528,42.24862502783691,8.123813969282118,8.123813969282118,68.7345396413748,5.272860809645547,5.144137031075928,12.757459770066758,16.567293870316135,31.252341615423493,39.77583097727163,54.94715304183831,18.989540785806398,20.173792007925158,20.50602725329463,25.849214166822975,27.49537203543376,27.74583510609348,12.129867394811631,12.852211979418078,13.266219393198678,1878.6028088057644,442.21357487966566,1668.8510397112475,21177.076564869574,18310.506403982905,5459.932231277951,3836.106857571218,2866.570160886667,1026.2169020153344,78.6443686771165
2097-10-01,994935.7721999995,1711337.0038000005,565513.3214000002,889125.8899999992,542955.7256,1794474.6628,416441.374,3566314.0873999987,325326.5667999999,2849820.2191999974,1319883.6524000005,1.3313652691707878,356.9363688003974,6.358720140530806,12.414081208786984,6.145572638621765,1.4384637429318017,4.200141593820264,9.584886539813526,20.47952429809829,58.71866306307717,47.15689255860334,40.78261868310385,7.650565856649779,7.650565856649779,66.68552200548388,5.095400023820549,4.8799852155130825,12.10236325389483,15.902459275492724,31.18966997945735,39.74182251224505,54.939326440252586,19.055432111308132,20.236941741080205,20.567436204313886,25.913928570658985,27.553714441028106,27.80265700006277,12.196935645427596,12.920169039738775,13.332215398175869,1863.0069405330712,438.36129776196833,1661.4472043237847,21126.039660191465,18274.54023303386,5472.32864666048,3847.026883815526,2851.4994271576024,1052.2076619887075,78.69378451613524
2098-10-01,995030.9475999996,1703600.2918000007,567259.4020000002,900419.5201999992,541788.2228,1781252.5495999998,415170.0088,3534500.093399999,324569.22439999995,2825249.620599997,1311605.8538000002,1.3155680085095482,353.82739356614366,6.304024248823895,12.136548603445947,6.07064606249402,1.4325525100226906,4.136119676981723,9.325984625399865,19.942098554688254,56.77308550233883,46.46691774210138,40.20938855579538,7.547826127754827,7.547826127754827,65.5655537633677,5.040079330634665,4.786765455083152,11.87117826077816,15.578687829629674,31.080226225937245,39.59193196846088,54.77759227239029,19.126735398082648,20.303679548497776,20.632404696456028,25.991802543512552,27.621053070188946,27.86884111130519,12.261668248459072,12.986306025737427,13.395968274693168,1857.0418921992082,434.94907389696147,1664.1021286778612,21031.926363591352,18193.516750707495,5482.148442558219,3841.0914668047,2838.4096128838505,1059.3620592516331,78.75650222061796
