datetime,TLG_fnf,FOL_fnf,MRC_fnf,MIL_fnf,NML_fnf,ORO_fnf,MKM_fnf,BND_fnf,NHG_fnf,SHA_fnf,YRS_fnf,BND_swe,ORO_swe,YRS_swe,FOL_swe,SHA_pr,ORO_pr,FOL_pr,SHA_tas,ORO_tas,FOL_tas,SHA_tasmax,ORO_tasmax,FOL_tasmax,SHA_tasmin,ORO_tasmin,FOL_tasmin,SHA_storage,FOL_storage,ORO_storage,SHA_out,FOL_out,ORO_out,DEL_in,DEL_out,Total_DEL_SODD,Total_SODD_from_RES,Total_pumped_from_DEL,Total_Shortage,DEL_X2
1952-01-01,,,,,,,,,,,,,,,,,,,,,,,,,,,,,,,,,,,,,,,,
1953-01-01,,,,,,,,,,,,,,,,,,,,,,,,,,,,,,,,,,,,,,,,
1954-01-01,,,,,,,,,,,,,,,,,,,,,,,,,,,,,,,,,,,,,,,,
1955-01-01,,,,,,,,,,,,,,,,,,,,,,,,,,,,,,,,,,,,,,,,
1956-01-01,,,,,,,,,,,,,,,,,,,,,,,,,,,,,,,,,,,,,,,,
1957-01-01,,,,,,,,,,,,,,,,,,,,,,,,,,,,,,,,,,,,,,,,
1958-01-01,,,,,,,,,,,,,,,,,,,,,,,,,,,,,,,,,,,,,,,,
1959-01-01,,,,,,,,,,,,,,,,,,,,,,,,,,,,,,,,,,,,,,,,
1960-01-01,,,,,,,,,,,,,,,,,,,,,,,,,,,,,,,,,,,,,,,,
1961-01-01,,,,,,,,,,,,,,,,,,,,,,,,,,,,,,,,,,,,,,,,
1962-01-01,,,,,,,,,,,,,,,,,,,,,,,,,,,,,,,,,,,,,,,,
1963-01-01,,,,,,,,,,,,,,,,,,,,,,,,,,,,,,,,,,,,,,,,
1964-01-01,,,,,,,,,,,,,,,,,,,,,,,,,,,,,,,,,,,,,,,,
1965-01-01,,,,,,,,,,,,,,,,,,,,,,,,,,,,,,,,,,,,,,,,
1966-01-01,,,,,,,,,,,,,,,,,,,,,,,,,,,,,,,,,,,,,,,,
1967-01-01,,,,,,,,,,,,,,,,,,,,,,,,,,,,,,,,,,,,,,,,
1968-01-01,,,,,,,,,,,,,,,,,,,,,,,,,,,,,,,,,,,,,,,,
1969-01-01,,,,,,,,,,,,,,,,,,,,,,,,,,,,,,,,,,,,,,,,
1970-01-01,,,,,,,,,,,,,,,,,,,,,,,,,,,,,,,,,,,,,,,,
1971-01-01,52686.99800000001,196339.21999999997,25728.852000000006,22845.797000000002,37346.4705,153423.0585,42466.456499999986,490740.147,41167.0055,367417.7555,201719.6665,76.11258893013,101.19153831005096,250.9550196647644,123.65087890625,5.024206135601068,6.649308918013548,8.970775705196775,4.8528225757421986,6.623951610472173,7.082701613790086,9.360951609765328,11.600903242634189,11.861822577830285,0.3446935534537319,1.6470000032756116,2.3035806461537804,2611.9651294043633,576.1241380835048,1903.4451573237627,193.33370387596662,305.5326795804273,74.86928331840122,2340.0775390652216,1860.1990088500693,13.798653011613533,8.223419446681703,479.8785302151517,0.0,73.07801841892525
1972-01-01,62731.542,229904.56999999998,29826.426000000007,25696.525500000003,45133.691000000006,182956.49400000004,50938.44399999999,526009.9465,48568.7425,394008.138,228710.4295,74.98756484985351,98.78994948863983,244.99907941818236,122.06031856536865,5.0771030710807254,6.982108699326773,9.487114761931934,5.011927413075201,6.7555403169424775,7.205395162069509,9.485741930623206,11.671548405001241,11.932596775408715,0.5381129081991892,1.8395322604405302,2.4781935497337297,2571.221860444333,577.7029659988999,1874.4629710969016,193.33370387596662,353.6488508766972,74.86928331840122,2527.3244637072767,2035.173847845553,13.354971058869307,7.8824436865754155,492.15061586172305,0.0,72.4455034265875
1973-01-01,71195.754,252656.6175,33953.164000000004,31980.908000000003,50867.512500000004,193064.89800000004,57016.23599999999,556694.4820000001,54566.10399999999,414915.0775,247234.96599999996,81.33118329048156,106.20874831676483,263.3977007865906,131.14733324050903,5.114789984290925,7.1056214823958275,9.720728709661397,5.084217736076924,6.832580641230507,7.273258063064948,9.537112898980414,11.742419372835467,11.99354839055769,0.6313225852686071,1.9227419392025518,2.552967743064848,2552.824573394694,569.4993064925366,1896.6595829803136,196.98869580837197,394.69235232716596,74.86928331840122,2974.007569447673,2459.0567252713545,7.3798797360302455,5.243511821080875,514.950844176318,0.0,71.36717130333868
1974-01-01,73910.82800000001,265249.921,35260.028000000006,32581.895,53108.250000000015,203079.95150000002,59525.403999999995,620429.2605000001,56583.229499999994,460953.01100000006,257757.69499999998,79.41585335731506,104.74503057003021,259.7676812171936,130.76872758865358,5.506109286119406,7.418046767107398,9.925328389191872,4.989701602199385,6.753177417316022,7.201467742999235,9.427419347532332,11.664661303643257,11.89687097111056,0.5519838736963368,1.8416935524783067,2.5060645203616834,2551.7821337342075,569.0763684473568,1912.4347304392406,279.65331198747276,413.91259660003226,89.21367338963066,3172.20124838348,2657.242006406849,7.3798797360302455,5.243511821080875,514.9592419766301,0.0,71.43738077564855
1975-01-01,74533.5115,264249.9815,35526.5615,32722.448000000004,53231.31200000001,204344.65600000005,58787.751000000004,615554.3360000001,56422.307499999995,461022.3095000001,260176.14999999997,73.1805031299591,99.60921819210053,247.0308648109436,125.89354600906373,5.45613131322834,7.423678542161315,9.979953072665467,5.067008055746555,6.822983869639854,7.2677903184607136,9.52925805411031,11.736903241372877,11.97008064908366,0.6047580667260675,1.9090645193362668,2.565500004523464,2485.862737605477,568.5594184194309,1893.50465224333,279.65331198747276,408.7174667936251,89.21367338963066,3133.1510251924783,2623.0014526292352,7.3798797360302455,5.243511821080875,510.149572563242,0.0,71.96425032013329
1976-01-01,74734.46199999998,275371.1675,36095.8035,32583.360500000003,55004.89850000001,213795.57450000005,59985.44300000001,672604.4775,59774.70349999999,497614.4205,273213.37899999996,71.85151791572571,95.50110585689545,236.84274530410767,121.25735139846802,6.001807054611797,8.060506210248377,10.751172505147498,4.962822572406262,6.710637091262444,7.153766123289541,9.439016118164982,11.624161304966096,11.841241936145291,0.4866290329144367,1.7971129076164818,2.466290327107474,2516.9628011153736,559.5031644754612,1888.4467586884996,325.98876717241376,435.5229568858728,89.21367338963066,3255.1664890731836,2745.01691650994,7.3798797360302455,5.243511821080875,510.149572563242,0.0,71.92990261401471
1977-01-01,76589.98599999999,283031.736,36632.35400000001,32973.235,56288.8255,217316.69250000006,62375.9195,688536.6465,61362.11199999999,509522.29500000004,279737.00599999994,74.50708398818969,102.95358102321624,255.3248846054077,132.01671438217164,5.9530455243221665,7.965813526197417,10.582925557466206,5.096741931573037,6.801790315699911,7.25955645073085,9.614806437876913,11.788451630069364,12.013129048578202,0.5786774190172794,1.815129037540887,2.505983874913786,2578.677331205207,551.8545533883195,1933.1301927875124,340.9366196049933,447.7929234880935,94.26672137452059,3508.005631732075,2986.8678658024137,1.073009462253968,0.6254690535881003,521.1377659296602,0.0,70.72562760646453
1978-01-01,74744.16949999999,269824.089,36148.563500000004,32649.988000000005,54000.698,206479.45300000007,59018.434499999996,657059.5705000001,59305.98699999999,483397.79800000007,268251.92799999996,74.29871243834495,102.75880682468414,254.84184460639955,130.70297189950944,5.843540667134309,7.948809305220675,10.629431399172153,5.163991928773542,6.868040316161367,7.330556446854625,9.706806436277201,11.91895163597599,12.135629045194197,0.6211774167484574,1.8171290380369516,2.525483875159895,2553.9742418924034,548.1914385433492,1927.7635177450943,341.58917998823995,430.9011389489113,94.30911378764104,3452.7451131354355,2937.353749851184,2.829717936580098,1.4062593001725028,515.39136328425,2.2204460492503132e-17,70.92692484029223
1979-01-01,80693.074,282921.182,39097.846000000005,34554.352,58329.69499999999,214583.00750000007,63558.8765,686254.5080000001,64430.74949999999,501812.10650000005,281830.8499999999,78.7840638101101,107.03784725666046,265.4538647174835,135.41450201272966,6.302826068731972,8.807545157355161,11.65909657208167,5.257153223695294,6.940725799764112,7.4076532200099,9.742983857325966,11.938419377034709,12.151919373004668,0.771322578483171,1.9430322647605458,2.663387098562934,2511.367807358209,547.9648958576839,1928.492255555969,341.58917998823995,451.0228307655969,94.30911378764104,3459.0788953195506,2932.4375518889556,2.829717936580098,1.4062593001725028,526.6413434305944,2.2204460492503132e-17,71.01792533223201
1980-01-01,81670.25399999999,287069.497,39647.273499999996,35495.313500000004,59396.9105,219605.33800000008,64545.29049999999,685555.2615000001,64391.508999999984,505045.52100000007,283496.5379999999,75.60966190695763,100.53946788311005,249.33788380622863,127.43071295022965,6.247685578902107,8.69684351632004,11.443016144156264,5.39880645287133,7.05197580122058,7.506290315968856,9.887209664958135,12.065370988461279,12.284645180163846,0.9104032231404655,2.0385806507851574,2.727935486638378,2530.454055077931,549.3039107370249,1973.698185460636,341.58917998823995,451.2791878495301,94.30911378764104,3469.055104756164,2953.611334185236,2.829717936580098,1.4062593001725028,515.4437705709266,2.2204460492503132e-17,71.04130080192195
1981-01-01,83473.9185,290822.1175,40343.12449999999,35879.191,60551.0645,223085.9485000001,65486.4445,694388.7710000001,65326.30049999999,511473.0495000001,286049.6519999999,80.92164902091027,107.35777385234833,266.2472816944122,132.74019857645035,6.21204416402845,8.715276125575201,11.481109625902173,5.428177423222411,7.072693543971302,7.523532257697755,9.954629020489026,12.109983899131898,12.328709691186106,0.9017258045744269,2.0354032312519856,2.7183548418354366,2536.1439843488556,549.8751608420887,1967.572563539315,341.58917998823995,455.707654242647,94.30911378764104,3568.119258882269,3058.0544825726856,2.829717936580098,1.4062593001725028,510.0647763095823,2.2204460492503132e-17,70.31495598459524
1982-01-01,82727.1265,281659.0805,39804.32549999999,34528.612,59163.706999999995,216032.4910000001,64841.6365,675305.9780000001,62917.157499999994,500384.5955000001,269789.3169999999,80.82699989676476,111.30754725933075,276.04272084236146,136.230365049839,5.852444075804053,7.999961649222405,10.56851415467463,5.6597580688615,7.2246612911443036,7.6396451611312175,10.183532247956718,12.284903260584802,12.482870979078356,1.1359838683849137,2.164419361306055,2.796419356447915,2578.5693962060327,556.5894692208992,1976.2501570978416,341.58917998823995,432.2518554876389,94.30911378764104,3554.716163458432,3049.008327751946,2.829717936580098,1.4062593001725028,505.707835706485,2.2204460492503132e-17,70.11888915078639
1983-01-01,84801.8205,296393.16949999996,40265.661499999995,34884.7125,61362.55149999999,234842.15750000012,67491.69,713695.9220000001,64575.67349999999,533377.1935,286456.56899999984,80.29702406525612,111.2225875377655,275.8320207118988,137.01878896951675,6.37285145661078,8.63443586090898,11.265979577176404,5.8171854891604,7.409766126850677,7.850080642741053,10.23890321826742,12.392000031086706,12.615419372820085,1.3954677408771405,2.4275322639954195,3.084741937221899,2621.411722039242,558.3282701682167,2004.8760802570591,344.7765897897176,451.98550108461166,96.69282798420666,3656.4832679021865,3148.7447021405237,2.940654957473785,1.4954144465953214,507.7385657616618,2.2204460492503132e-17,69.8368332885731
1984-01-01,81041.23300000001,286512.1339999999,39118.18949999999,34112.7395,60614.16899999998,222948.5890000001,64924.7395,674611.5855000003,65288.90549999998,495988.53550000006,277274.06199999986,86.86851359009742,121.6953269481659,301.8044122219086,150.9757591843605,6.194021115514599,8.530836637776428,11.22587788537894,5.58577419954292,7.235540323698468,7.708072577717324,10.020596769500159,12.257161320794014,12.513596793143979,1.150951611151498,2.213919360995774,2.9025483901792715,2659.0461114332493,553.5751060352197,2041.709692910264,344.7765897897176,439.5758209586168,96.69282798420666,3555.557287544963,3050.0791414009027,2.940654957473785,1.4954144465953214,505.4781461440599,2.2204460492503132e-17,70.05405915849181
1985-01-01,91863.32100000001,318972.2429999999,43858.342,36910.1275,67854.96449999997,249413.11150000012,73329.73849999999,734357.7105000003,73043.81199999999,539399.5035,307609.56749999983,92.72761831879616,131.06471381187438,325.04049201011657,162.31488062143325,6.5345863967093205,9.000167260748004,11.816323569884299,5.5535080659038005,7.249193550712394,7.73790322692404,9.887854835631382,12.201161319209685,12.485790346514793,1.2191612897230488,2.2972258139461763,2.990016132403886,2754.6225475450547,550.5015720686104,2103.8651919875456,416.63766935098056,491.80861608494297,142.5354560268941,3955.3423021263925,3443.0701505380844,2.940654957473785,1.4954144465953214,512.2721515883079,2.2204460492503132e-17,69.28111105278404
1986-01-01,87890.8705,309243.5709999999,41494.534999999996,35836.245500000005,65511.87749999998,244527.71200000012,70902.25999999998,713796.1395000003,70432.25799999999,526184.605,299525.07499999984,84.68535948395728,120.04022459983825,297.69975714683534,150.37374330759047,6.76467750841982,9.187416758110066,11.961804652733736,5.470645164504587,7.172314518822292,7.6698225817492895,9.799677420022984,12.116000028579467,12.40950002362651,1.1416129007064282,2.2286290414811627,2.930145164888592,2756.4881875460933,553.6048933414686,2114.793524769554,412.7946941508406,486.7636830932217,142.5354560268941,3852.737561541637,3348.099800023118,2.940654957473785,1.4954144465953214,504.63776151851954,2.2204460492503132e-17,69.86668829009704
1987-01-01,85866.77200000001,305584.5559999999,40460.80699999999,34790.775,64719.22199999997,242624.74050000013,69815.95799999998,705925.3820000003,69699.99599999998,521123.7654999999,296738.0649999998,74.14764185547828,110.42357134819031,273.8504575252533,140.80672937631607,6.911235157440319,9.30998414479809,12.078019769463026,5.4221774243764695,7.099016132217736,7.579217743116521,9.688370971694104,11.98658067410992,12.285483894040507,1.1559838669644962,2.2114516222098426,2.872951616058426,2658.3977764230744,556.3237863242388,2052.681137978768,409.228617992159,484.68576637250624,142.04913768463186,3734.3211544475025,3243.0748491182994,11.169322608610026,5.137281702259671,491.2463053292022,0.08591245443861031,70.73118549975875
1988-01-01,86137.44850000001,309062.5069999999,40651.49749999999,35085.623999999996,64853.198999999964,253380.08000000013,70132.58949999999,732196.7185000003,69858.4665,544686.4809999999,302679.53949999984,73.38275137543678,107.4420554637909,266.45629782676696,135.63950201272965,6.924573558345514,9.328726940834622,12.045390780595516,5.7436048428122435,7.42067742685997,7.916629031396681,9.985709678525883,12.300225836615407,12.587596796789473,1.5014999928643862,2.5411290408082072,3.245661294640553,2574.1725361226318,538.8370708778837,2025.5569539663793,409.228617992159,474.734908652994,142.04913768463186,3777.5138533435156,3293.7142247419506,11.169322608610026,5.137281702259671,483.79962860156456,0.08591245443861031,70.68366854661971
1989-01-01,91119.83050000001,317308.2274999999,43102.181,36709.6135,67672.59349999997,255211.8875000001,73014.05099999999,729967.9130000003,72967.69399999999,538516.9204999999,306929.64049999986,76.3438471853733,116.43367419242858,288.7555135250092,147.29594007730483,6.750303187427494,9.17567573336396,12.007858088086687,5.656516135782904,7.317088713490909,7.806669354246507,9.946032261247593,12.272951642544038,12.536548408000698,1.366999993247971,2.36122581302639,3.0767903245144317,2578.467271632654,536.1605314233091,2037.4654265954753,409.22861799215906,480.34378196233695,142.04913768463186,3964.7773195028253,3477.7330405060093,11.169322608610026,5.137281702259671,487.044278996815,0.08591245443861031,69.67829659500009
1990-01-01,90959.13750000003,315658.11799999996,43006.018,36671.05,67603.07549999996,254535.8270000001,72879.79149999999,727142.4045000003,72867.5365,536373.6545,305314.25549999985,75.90035439133644,115.64023070335388,286.78777384757996,144.4241222023964,6.803046772849416,9.240191520965618,12.066268292694621,5.565741942472935,7.218080649759256,7.721290323234372,9.826322589550283,12.139612926590825,12.417451630484672,1.3051612832523398,2.296548393681165,3.0251290331023837,2581.662734171452,535.8549007100486,2061.688643332874,405.3856427920191,477.97244295650546,142.04913768463186,3920.856190360327,3440.149686777479,16.742560581171197,7.456221761461441,480.7065035828471,0.08591245443861031,70.36892487128578
1991-01-01,87989.54150000002,308770.8615,41958.806,36253.088500000005,64980.70749999996,257810.2580000001,70106.12700000001,726505.3150000003,69582.9595,541686.8769999999,301782.57299999986,67.46431046128274,105.9338056087494,262.71583857536314,134.52939335107803,6.737104301750446,9.205889779012887,12.00950258902103,5.622153228027145,7.272975811572562,7.782250000392236,9.848709686509059,12.143129053038933,12.442983888426133,1.3955967668804425,2.4028225868700015,3.121516132853445,2547.021537010204,535.4715047575145,2042.2102116637627,401.54266759187914,458.66706946523726,142.04913768463186,3882.717155046851,3412.290712582001,16.742560581171197,7.456221761461441,470.4264424648488,0.08591245443861031,70.66228458937127
1992-01-01,80151.37700000002,286135.46349999995,39319.7105,34128.8965,59993.20949999995,233954.9935000001,64082.61750000001,707444.3110000003,65543.4595,526949.9319999998,282904.2864999999,69.4306572496891,108.51034598350525,269.1056586742401,138.62431770563126,6.739275181814014,9.024170832643813,11.845402572872263,5.348669359783431,7.046911299913637,7.569943549171571,9.608709687691539,11.978741954988047,12.271709686709986,1.0886290237547886,2.1150806515207217,2.8681774228991523,2559.410361409356,533.1549367126481,2028.5250834359783,397.6996923917391,426.05918459698717,142.04913768463186,3720.992858656955,3265.1530124561978,18.32938519394176,8.170071675886312,455.83984620075626,0.08591245443861031,71.39774080694943
1993-01-01,72280.24450000003,265668.238,35542.66799999999,28361.541500000003,54675.12699999996,226177.9600000001,58506.33450000001,682285.7785000004,59934.36,511149.80299999984,266566.73949999985,63.501619106531145,102.95856356620789,255.33723826408385,131.11316677331925,6.51212715726408,8.794683085203815,11.634277460166777,5.38674193786367,7.0439838812356,7.570483874121019,9.705241939064953,12.010403243187934,12.310903236942904,1.0682419264809255,2.0775645215635103,2.830064519233401,2566.377189722235,541.7255158478011,1997.673859659797,393.8567171915991,387.8615918267808,142.04913768463186,3291.5024751959327,2848.484780126566,18.56206379690949,8.2766651481624,443.01769506936563,0.08591245443861031,72.6865594937609
1994-01-01,66929.19500000004,244079.319,33334.377499999995,26892.734500000002,51050.83199999995,202766.73200000013,54246.7405,604842.2115000004,56544.387,456193.79099999985,245947.73649999988,68.74577727913857,107.4901352405548,266.5755368709564,134.5876813530922,6.164846143357613,8.406250348632692,11.291214143224352,5.4385000053177315,7.105467753172398,7.622016132454718,9.777258068058757,12.09166130635046,12.404258072760793,1.0997419287630863,2.11927419928233,2.8397741954563367,2567.15437028338,541.0549655322623,2014.720468548015,308.089735225883,358.54061115602593,128.20420434215174,3069.8423277779193,2631.634302121941,18.56206379690949,8.2766651481624,438.2080256559775,0.08591245443861031,72.54885341373198
1995-01-01,64680.99400000003,235340.0445,32426.762499999993,26303.0805,49415.57749999995,196167.5470000001,52707.08349999999,586530.1005000004,54659.6235,441345.49899999984,234824.43099999992,67.01681895852089,104.09746496677398,258.1617151737213,131.09709020853043,6.010591587978456,8.12758421526271,10.807564862456093,5.43979032748499,7.094548395864903,7.604483877266607,9.854677422993602,12.176580652882972,12.495645164674325,1.0249032196168213,2.01251613467391,2.713322583510871,2581.7985579398674,540.1193603584916,2029.0271622599644,305.7588469127819,347.50202297088,128.20420434215174,2987.341177776821,2572.444900529088,25.693231447121377,11.436570224258352,414.8962772477322,0.08591245443861031,73.12888687598564
1996-01-01,58247.89150000003,212533.435,28132.159999999993,23256.8865,43946.905999999944,183421.4575000001,47978.884000000005,516438.5950000004,47425.177500000005,397620.4569999998,213273.80249999993,61.137228697538376,96.5833904504776,239.52681031227112,123.2528473496437,5.543845149070444,7.582066998235154,10.078663106933345,5.501733873891193,7.1421209767100295,7.639112911109001,9.921532262164735,12.23858065143708,12.555677419324072,1.081935477872649,2.045661294799779,2.7225483892996225,2488.284631385911,547.1231560135561,1980.6540027278566,255.58041652770095,304.7861980462702,128.20420434215174,2706.658752780705,2307.430761083543,26.324738593688572,11.727338312771604,399.2279916971612,0.08591245443861031,74.14087311597912
1997-01-01,59912.25650000003,212472.19150000002,28975.254999999994,24164.0435,45426.57899999995,182321.8970000001,48707.0235,504501.4920000004,48435.603500000005,389078.64099999977,212222.05699999994,58.54685704112053,89.57848808765411,222.15465149879455,113.91445375680924,5.689994797408258,7.935061699875201,10.746704337400661,5.43871774131342,7.121250011567625,7.634145167758386,9.806354843056004,12.141403227467688,12.48051611915711,1.0710806399974369,2.101096777212356,2.7877741943113508,2343.1185063667344,538.2540925742068,1881.595901243068,235.60637599158343,290.8138769046404,121.66784327760084,2480.847237505287,2085.7196742668343,26.790769040812357,11.938608739933454,395.12756323845167,0.08591245443861031,75.54650136233984
1998-01-01,62281.995500000034,214469.1375,29772.547499999997,24680.538,46526.83699999995,181252.2970000001,50360.836500000005,515252.18000000034,49780.98,396619.9089999998,212173.27599999993,62.50803706645966,95.75692245960235,237.47716889381408,124.094362449646,5.628180905934755,7.704540482156131,10.382317234231959,5.2748790332011035,6.9685887195530425,7.487209686348514,9.665709682073318,11.972999994985516,12.31211289744223,0.8840483818713933,1.9641774216396435,2.662306453374726,2406.760212698535,543.4527455811356,1919.4575362734208,238.79679080847686,301.4441008741692,121.62545086448037,2546.9227347547794,2132.3711909990584,24.57178428855557,10.944686977135978,414.5515437557207,0.0859124544386103,74.73228032118334
1999-01-01,56875.55950000002,204833.534,26761.344999999994,22778.3985,42483.026999999944,176775.20800000013,46514.77700000001,475926.9335000004,44835.753000000004,370308.78299999976,199923.98749999996,57.438518977165224,90.35026109218597,224.0686487674713,119.28340854644776,5.145525849724914,6.764528398342168,9.154134299385442,5.307870969523284,6.970387106280652,7.477750007760139,9.788709682778961,12.075322566493861,12.412774192133254,0.8270322516830936,1.8654516138166428,2.5427258092549545,2459.916058662155,544.3823478440739,1960.3109144206442,238.79679080847686,286.7737640066331,121.62545086448037,2492.3178103639475,2089.0162467545706,24.57178428855557,10.944686977135978,403.30156360937633,0.0859124544386103,74.61318226855897
2000-01-01,68106.91200000003,222912.0085,32509.9675,27182.017,48320.93549999994,187515.46150000012,51367.64950000001,524754.0635000004,52469.8645,403194.95049999974,218892.15549999994,69.63435642719269,109.45168383121491,271.4401762485504,143.48031787872316,5.392710790730893,7.03564447519509,9.465143204865125,5.34515322491136,7.0149354939619375,7.548395166666275,9.767096777092059,12.062048383682,12.41687097087983,0.923209672075726,1.9678225787987393,2.679919353367821,2428.558817684257,534.2379960708988,1919.9590873693483,249.46930296589244,312.7749627500259,121.62545086448037,2883.7597496108983,2468.0141265183456,24.57178428855557,10.944686977135978,415.7456230925528,0.0859124544386103,73.94356411304054
2001-01-01,78282.95800000003,244472.8395,39275.825,34298.9745,54503.49949999994,196263.5030000001,57406.318999999996,552620.4225000003,59519.727,420439.5004999998,237786.61749999993,68.58179867267609,106.7402923822403,264.7159269809723,144.60072574615478,5.700347281289487,7.459813725287836,10.093593487183352,5.280540318629373,6.976000010690861,7.5407822583952235,9.63609677743046,11.969645157937077,12.365919361575955,0.9249838649175098,1.9823548352616212,2.7156451596367748,2450.6079987351923,528.5075892392961,1956.5841269973694,284.83094973267083,345.234875741834,150.53202546707737,3124.4305115332513,2697.4349082943536,24.57178428855557,10.944686977135978,426.9956032388971,0.0859124544386103,73.58947622669197
2002-01-01,71986.06700000002,233552.58450000003,35854.4325,31742.420000000002,51033.80899999994,192906.63550000012,53473.71049999999,551673.9375000003,55990.01700000001,422483.51049999986,233022.19999999995,66.57722561359405,101.2296315908432,251.04948711395264,137.86731672286987,5.853243339456003,7.61467847789188,10.20843712166734,5.285403220870742,7.010645169704669,7.578637096381955,9.604177421115093,11.963935474426512,12.377790336455066,0.9666290260160402,2.0573548335822363,2.779483869767959,2405.94770730584,526.5008313712657,1950.1043309532383,284.83094973267083,329.68187253633243,150.5419262411395,2982.8353589781173,2565.8793177878315,27.308784203590136,12.993959566947519,416.95604119028457,0.0859124544386103,74.3543664069577
2003-01-01,75898.84350000003,238003.93200000003,37718.72,32302.160499999998,54071.00899999995,191738.0590000001,56428.71599999998,558541.9345000003,59901.26950000001,421067.7089999999,233069.849,70.64780188798905,106.79151046276093,264.8429464817047,143.0109227180481,5.730863211426458,7.538585311070506,10.227180224600852,5.12160483212811,6.872693557424408,7.444435485524513,9.481241931141378,11.834193538081259,12.254500010705758,0.7619677350195425,1.9111935438408008,2.634370966363819,2419.7288889449237,525.1361802936867,1922.091627753845,327.86397064043274,339.3506011380722,148.15821204457387,3141.198411062243,2716.5022428596667,27.17928529685549,12.893388907965226,424.69616820257517,0.0859124544386103,73.63209252605921
2004-01-01,76197.77450000003,230092.21300000005,37524.3125,31595.213999999996,52341.70199999995,189506.44900000008,56264.08049999997,549975.3170000004,56372.22900000001,423970.0549999999,227652.11399999997,65.11695433855057,99.2801663160324,246.2148153781891,133.21071062088012,5.597640986088936,7.241074409833322,9.866061363850713,5.322620961178213,7.030008072345966,7.596322579922211,9.726387095523451,12.009354825942745,12.42500000653728,0.9188548331930031,2.0506612851675,2.767645160060737,2347.852529046636,534.1926862764254,1870.138894229287,327.86397064043274,326.43308940765075,148.15821204457387,3101.7817439790733,2685.5874542548336,27.17928529685549,12.893388907965226,416.19428972423873,0.0859124544386103,73.86080208601489
2005-01-01,80680.37600000003,234140.01100000003,40587.721,38486.844,54992.65249999995,194931.0500000001,57188.244499999986,552169.2875000003,57118.259,425333.6924999999,225683.5855,59.78545771837234,95.35492446422577,236.48021454811095,129.13202867507934,5.512721533799322,7.169828256968117,9.800613540563608,5.408620965108274,7.083008068908124,7.615072579922211,9.813887095138906,12.049354817405822,12.44200000570666,1.0033548323377486,2.1166612829201887,2.788145160236427,2303.7780348036063,535.6843157023005,1831.2094365451844,264.54375142965074,331.9412679839825,102.31558400188644,3091.0975895744555,2674.9032998502153,27.17928529685549,12.893388907965226,416.19428972423873,0.0859124544386103,73.45012533651385
2006-01-01,84782.60700000003,249410.446,42141.102999999996,39179.3905,58160.46049999995,212274.5575000001,60641.78299999998,584613.1440000004,60510.852,449757.8164999999,240007.88649999996,58.32706564664841,92.41308597326278,229.1844551205635,124.60022563934326,5.472590653387033,7.299634062222845,10.15032277858245,5.528919350062947,7.19178226301146,7.697596773409072,9.92191935128742,12.137919329443283,12.49375807431436,1.1359193495805227,2.2456451527804377,2.9014354822976944,2368.9773771381397,535.1873067154734,1894.2319651095938,268.38672662979076,355.1863855233429,108.1184129504912,3169.1462111370065,2740.6297724757196,27.17928529685549,12.893388907965226,428.5164386612855,0.0859124544386103,72.83453871464721
2007-01-01,86781.02300000003,255828.644,42966.388,40028.003500000006,59752.88899999995,216133.94400000008,62271.362999999976,593293.7320000005,61873.574,457164.6954999999,245425.56699999998,57.86496156454086,90.05957764387131,223.34775439500808,122.73089170455933,5.546642227637039,7.519787361552676,10.557760604029136,5.591540316151334,7.2278225851095,7.73063709572438,9.939516119851215,12.141516097514858,12.48193549609953,1.2435645126527357,2.3141290214904138,2.979338707101923,2395.5830544486926,535.8249037257716,1931.1295841489857,271.95280278847235,361.05419899718424,108.60473129275347,3224.1036404984043,2782.5245511991625,19.186014693939136,9.428891551551084,441.5790892992403,0.0,72.44373542669474
2008-01-01,85774.32050000003,248890.554,42473.80500000001,39523.834,58971.185999999965,204691.5300000001,61383.09849999998,562214.6275000005,61013.890499999994,431410.7509999999,236939.508,55.696735656261446,87.1485290646553,216.12835360765456,121.00795245170593,5.381177532846323,7.299388965674166,10.26020575521743,5.440774188618805,7.066250000695787,7.5453145183863155,9.830612899074625,12.033370937455084,12.363854847800344,1.050935484535031,2.099129022955294,2.7267741900658424,2408.1621331086635,552.9831804690966,1930.779556067389,271.95280278847235,363.4634995653787,108.60473129275347,3159.411886549362,2722.6641496265484,22.776028893604867,11.03021655554368,436.7477369228119,0.0,72.786669607524
2009-01-01,80495.96400000002,238201.56699999998,39900.00550000001,37758.299,55966.14649999996,199229.1080000001,58267.34349999997,541862.3445000006,57700.37799999999,418353.8354999999,228170.195,49.084549283981325,74.47378087341785,184.6949771821499,106.10522639155388,5.311522408249857,7.210130983162185,10.08039704262992,5.54204031840237,7.174137098023726,7.6409758088088795,9.989661281387644,12.212645133464566,12.540596785468436,1.094419355924812,2.1356290228965307,2.7413548359647404,2307.9871178498106,542.5648942459952,1848.564839174843,269.72084604547825,355.21426610099905,106.59701392137261,2912.048276456996,2505.6337497084196,29.907196543816745,14.190121631639633,406.41452674857504,1.5043384446977055,74.07441237549631
2010-01-01,80990.60750000001,243440.69099999996,40138.791000000005,38013.653999999995,56327.31199999996,206027.6665000001,58882.50799999997,561296.5350000005,58140.903999999995,432655.66649999993,236369.3935,50.405493307113645,74.49826445877552,184.75569667220117,106.07837778925895,5.444886756673713,7.431946983774674,10.370157412332627,5.585185481062639,7.265419358057118,7.758838710573412,9.959467730743262,12.229145136571697,12.591661302889545,1.2109032286210888,2.3016935399673404,2.9260161243679557,2240.849093638294,543.362509796223,1782.5001535043295,269.72084604547825,361.3999087646723,106.59701392137261,2952.8502592576897,2539.8551139643223,23.741787272773223,11.470259547622309,412.9951452933654,1.5043384446977055,73.57080516825184
2011-01-01,80505.68950000001,232321.84999999995,40132.844000000005,38104.8375,55747.57749999997,189848.3725000001,57493.27349999997,510574.9150000005,57419.45049999999,392527.74899999995,222139.60499999998,50.5017285823822,74.10431914627551,183.77871226668358,107.40954424738884,5.1768034374920715,7.15964748156141,10.101857977506006,5.403000001496665,7.099766130643263,7.6201209703760755,9.901258056538712,12.188774173105914,12.544758074898871,0.9047419363873139,2.0107580558877567,2.6954838641228225,2211.731833258581,545.7447069473039,1764.6142352908257,269.72084604547825,356.1083860027376,106.59701392137261,2850.315822215097,2442.540986297297,26.451509051675323,12.681802156497804,407.7748359177977,1.5043384446977055,73.95010175353084
2012-01-01,79884.99850000002,229640.25999999995,39145.69,37557.3815,54157.85599999997,191552.21500000008,56804.11249999997,508310.1155000005,55205.422499999986,389693.6009999999,220393.48249999998,50.59412722587585,72.55379500687123,179.93341235518454,105.44037768244743,4.985463055644596,6.887392674101579,9.66698417754542,5.582887097900253,7.267604839080763,7.774306456408192,10.075741928046742,12.364225781348441,12.7294193683132,1.0900322600207741,2.170983862627539,2.8191935399607315,2228.1290033370196,547.7304203629027,1747.8382146074746,269.72084604547825,350.2747019471607,106.59701392137261,2919.268848331946,2511.479422737085,24.86468443890476,11.967952242072933,407.7894255948592,1.5043384446977055,73.22230861923045
2013-01-01,79882.50350000002,234742.40199999994,38949.715000000004,37179.3695,54875.99049999997,197543.3255000001,58136.163499999966,525066.5950000004,55928.31699999998,402822.5214999999,224508.2105,50.52896361351013,71.39687543213367,177.06425189375878,104.54568087458611,5.092573670986804,6.941771068579987,9.654532513718914,5.639927422803556,7.324653220609308,7.815782262336822,10.082112897788317,12.396403200395643,12.756500013412964,1.1977419397673539,2.2529032171042944,2.875064507646548,2298.51591800128,548.5342243426137,1798.93155402909,280.40661731590137,356.50599994608183,106.59701392137261,2982.2278215135548,2574.060304270479,24.63200583593703,11.861358769796846,408.1675172430734,1.5043384446977055,72.22604341972648
2014-01-01,83664.0975,240030.88349999994,41118.2145,38656.938,56624.709499999975,201509.26150000008,59374.53199999996,525415.0425000004,57453.112999999976,402048.6519999999,227603.315,47.531392621994016,72.41824002563953,179.59723529219627,108.28554446101188,4.9972718774511575,6.810608085792069,9.42003204341545,5.485766132856389,7.18321773746321,7.694435486774289,9.99593547928717,12.300435461921074,12.671209686033183,0.9755967782329646,2.065999990896954,2.7176612811733896,2243.3796961927173,550.0467090471058,1749.5528990923951,279.0565746324097,360.59989698728566,106.0975571926233,2993.644048278507,2591.9168417683877,24.63200583593703,11.861358769796846,401.72720651011724,1.5043384446977055,72.19573909805003
2015-01-01,102785.83850000001,288848.26649999997,50094.601500000004,46642.912500000006,69518.36649999997,262350.43100000004,71460.77249999996,641469.1220000004,69377.42899999997,488145.2164999999,270196.474,50.34280886650085,73.24794967472553,181.65491532683373,116.14725682139397,5.731259581568475,7.763983587505663,10.622478339260851,5.542717745282777,7.260241929850267,7.779701616206475,9.900516129501396,12.20848385018687,12.591080656359267,1.1849193597813286,2.3119999922932166,2.9683225714661683,2312.818366532386,545.626025382701,1808.9956951785657,414.1456946425894,428.98271474114415,208.9327391460426,3814.082314993941,3384.2336906621886,17.500838185725147,8.701453693700893,429.84862433175067,1.5043384446977055,70.30336606376828
2016-01-01,102640.793,288017.285,49998.8985,46670.35250000001,69417.81799999998,261462.33700000006,71332.57599999996,643511.3620000004,69129.76799999997,490684.74399999995,268761.708,50.619465100765225,72.50066738426685,179.80165538191795,114.98690845370292,5.770942767675979,7.732362281348742,10.502475834402867,5.720919362835646,7.4232661265519315,7.953717747138391,10.092887094905292,12.387532243036452,12.80348388994893,1.3489516187218888,2.4589999937422347,3.1039516039973805,2377.1164326054486,545.470090352263,1867.1155738387417,414.1456946425894,427.7795370393924,208.9327391460426,3807.0135981263534,3380.3837530813958,23.378081171454845,11.301844427356873,426.6298450449559,1.5043384446977055,70.35593128104252
2017-01-01,102107.517,296023.6675,50336.0095,46055.9855,68975.94649999998,273201.88700000005,71441.29549999996,685148.1305000006,69757.99049999997,520366.16049999994,282476.7459999999,52.66847876310349,74.3318041831255,184.34287471175193,115.35795432925224,5.96244424249303,7.999651484921105,10.679847847850032,5.761806460417386,7.463854830784179,7.970564521608813,10.081193546902742,12.388790309429165,12.781177435382714,1.4424193602055309,2.5389193503065948,3.159951607955081,2501.106596967252,559.8760774162569,1914.872306710745,418.61209247332573,455.41970200747545,209.33189274999032,3948.232489949286,3509.867826375831,22.91205072433106,11.090574000195023,438.3646635734538,1.5043384446977055,69.24818893865385
2018-01-01,99431.51800000001,295556.7145,49285.501000000004,45305.5395,67738.55899999998,274835.6220000001,70392.49699999996,683924.3865000005,68324.95399999997,519854.43,281957.171,49.22420505285263,69.407983019948,172.13179797530174,107.45830318331718,5.816085584395887,7.824446546887975,10.484776323129335,5.851782267103572,7.5191693479976305,8.021346777629466,10.20669355180955,12.47261289819594,12.862387111110067,1.4968709736942283,2.5657258016267623,3.180306447177166,2471.0584777139657,559.9827447130768,1884.575825995818,414.76911727318577,456.24816081663766,209.33189274999032,3936.3280442562,3502.7730500961334,22.91205072433106,11.090574000195023,433.5549941600657,1.5043384446977055,69.37404374360672
2019-01-01,98024.36400000002,285334.98199999996,48870.3645,44849.1385,66880.03199999998,265707.1150000001,68741.78999999996,668697.0115000005,67347.60149999998,508704.59799999994,272907.1105,49.81380933523178,69.5453862220049,172.47255792021753,107.43854514956475,5.7471885944400585,7.743443115930949,10.405050310685874,5.944233877880259,7.6340887074508945,8.1331774263132,10.310612911755033,12.615322581798797,13.002774203977273,1.577854844435088,2.6528548352360257,3.26358064205476,2371.1995901884834,558.0537656514853,1813.437217610369,410.97981611201567,441.30084615066573,209.33189274999032,3845.4040020729663,3418.9192644915515,25.582710697032574,12.285059834909053,426.48473758141427,1.5043384446977055,69.98350577801745
2020-01-01,85159.3065,264889.209,42533.335999999996,39517.7205,59411.98449999998,250598.0855000001,62450.73449999998,617303.5360000005,58973.86099999999,473309.95349999995,253640.158,37.54927405118942,50.595277932286265,125.47629041075706,81.59454490542412,5.607135189770315,7.671376973995303,10.449283222366466,5.889080654488756,7.582564512856543,8.05779839383979,10.308129046232462,12.613258059947716,12.970887104926566,1.4700322629343114,2.551870967201409,3.1447096765431923,2280.912369072116,559.9991754777454,1772.4320448753606,396.4643287544601,402.4684155877727,209.33189274999032,3407.1073824851615,2998.497401039053,27.431433285870177,13.114713370841722,408.6099814461077,1.5043384446977055,71.06344560024688
2021-01-01,75134.064,244319.89949999997,35564.8195,31997.065000000002,53358.85449999997,239717.2085000001,56931.443999999974,582209.9900000005,52136.18249999998,450916.20599999995,234762.55800000002,33.91178225278854,47.213975289463995,117.09065961241723,75.50297080874444,5.278645667403589,7.174806198815077,9.731258887919648,5.909653235479228,7.600733869018091,8.048854847252368,10.408403239134811,12.724322566293896,13.026822585444293,1.4109032316193462,2.47714516144967,3.0708870956343763,2170.407613474149,565.8743448410913,1690.5304322034426,357.25970678754163,371.1295394503412,180.42531814739334,3198.167272301691,2804.1292974426133,27.431433285870177,13.114713370841722,394.03797485907666,1.5043384446977055,71.44831224936277
2022-01-01,82923.85699999999,271534.73199999996,38605.759999999995,35015.9055,59294.07649999997,269610.4310000001,64182.237999999976,634343.6795000004,58024.85199999998,489797.6014999999,256593.975,38.08818529844284,53.59631462395191,132.91886095404624,83.02263852953911,5.458718347781224,7.452303342822143,10.13775383871598,5.915467754330846,7.600096767660109,8.029991942980596,10.368532270193093,12.695870948222371,12.968483867952894,1.4624032309939783,2.50432257983353,3.0914999983333544,2205.4260461488857,566.596609527479,1704.8778285793373,405.6685911935936,413.85217539614735,187.3944619456188,3464.422680645867,3060.3451437381773,24.69443337083561,11.065440781030183,404.0775369076892,1.5043384446977055,70.33847177395734
2023-01-01,78372.9735,264612.66149999993,36897.5325,34385.303,55371.81999999997,260948.91800000012,61243.59799999998,611370.4775000005,54334.38299999999,476509.0419999998,254179.92200000002,35.53648756742477,51.79928245842457,128.4622210919857,80.9363519847393,5.294768229026931,7.191613075690929,9.864012697061662,5.969346787504131,7.646677413198255,8.065096778783104,10.453516146156089,12.775709657899789,13.029677418739558,1.485177424601129,2.517645160835838,3.100516128840467,2114.828669412148,567.2092327374312,1667.4422153132061,355.6051852842141,400.8511408993144,187.3944619456188,3245.5393218171216,2847.9127287205747,24.69443337083561,11.065440781030183,397.6265930965463,1.5043384446977055,71.2528311000056
2024-01-01,82115.61549999999,283079.16,37890.6705,36503.554000000004,58054.47149999997,276126.1600000001,64340.265499999994,655888.9245000004,56517.02399999999,508450.84349999984,268624.17750000005,42.46932104825974,58.62229805290699,145.38329653143882,82.35467092394829,5.393599751338707,7.246146870396023,9.788264397977581,6.022830657456671,7.705048379878844,8.112685493451933,10.552693565141762,12.864838692065202,13.102838710046578,1.492967746944557,2.5452580666770386,3.122532257377622,2213.793623713899,559.927717599712,1721.533712445184,432.26661525798056,421.65541737549313,187.43315432262716,3627.5141042374657,3223.4472004079626,24.69443337083561,11.065440781030183,404.0669038295024,1.5043384446977055,70.27622488735123
2025-01-01,66468.92249999999,246891.23499999996,29804.569000000007,26565.697999999997,48042.06999999997,247129.09850000008,55175.2885,618351.8590000005,47931.23749999998,482847.66099999996,241587.96250000005,42.21317175626755,57.047258380055425,141.47719911932944,80.88171560168266,5.268436411358062,6.841603786796713,9.1078685903527,6.005733885243535,7.716733867795236,8.131443555845367,10.575822601875943,12.947177402819353,13.183919355946196,1.4356451662197227,2.486290324665607,3.078967738602191,2168.74028197775,561.5900744345272,1676.334253557511,419.88277970735953,364.54016011280527,187.43315432262716,3279.5514736027712,2875.5127616634136,24.69443337083561,11.065440781030183,404.03871193935703,1.5043384446977055,71.14117845684386
2026-01-01,60773.82099999998,228716.30549999996,27432.24750000001,25463.212999999996,43826.71599999997,230013.63500000007,51022.06050000001,590594.7950000006,43173.06199999998,463713.59549999994,225372.56600000005,42.45242530107498,57.576105108857156,142.7887390911579,81.53029138445854,4.981207859239339,6.36447287702349,8.363419940775021,6.173379050079552,7.8597661248137864,8.277596783589932,10.774451632365096,13.14487095071423,13.404322584982832,1.5723064567623357,2.574661292850732,3.150870963597611,2121.985777950574,562.1170520592924,1605.75549239913,416.03980450721957,337.00413753176986,181.6303253740224,3156.9675319127723,2767.530393644156,24.786192446976266,11.108098275383643,389.43713826861574,1.5043384446977055,72.11253056671434
2027-01-01,59223.038999999975,229989.11949999997,26666.78600000001,24661.151499999996,42745.806999999964,232975.9770000001,50547.026,605579.3805000006,42528.73299999998,476079.4529999999,229737.2460000001,42.75482803583145,58.124984207749364,144.14995916485788,82.33489753603935,5.1388651998576735,6.408412015169143,8.247872496767922,6.194830662521323,7.893137095099495,8.311524202025705,10.79429034408061,13.171516108897421,13.43877419656322,1.5953709719071703,2.614758070104666,3.1842741887145234,2091.590448278198,549.8006242097135,1580.407618967219,412.1968293070796,329.33556894454915,181.6303253740224,3134.0832639632404,2744.479046449999,24.550795398756385,10.930728376133438,389.604217513241,1.5043384446977055,72.19675351752176
2028-01-01,61920.26249999999,243601.53849999997,27430.939500000008,25181.967499999995,44455.52999999997,252244.39950000012,52959.1355,663035.3335000005,43805.49799999998,520580.4665,242239.9950000001,46.2154106259346,62.40002433359623,154.75205877423286,85.41620070338249,5.1405606961784995,6.382326758798536,8.18110889120344,6.286153241251444,7.9679596751447646,8.400314522222164,10.922822602621963,13.265177397189598,13.53746775042625,1.649483874512295,2.6707419402116264,3.263161284930163,2188.250529865706,551.6359025964618,1638.1006299320702,492.4640721414203,346.06314307037064,181.6303253740224,3434.615209024945,3038.0516920314203,20.960781199090654,9.329403372140842,396.56351699352393,1.5043384446977055,70.9106306177644
2029-01-01,68070.86099999999,264519.486,29762.441000000003,27568.032499999994,48188.32349999996,275903.6830000001,57161.5895,706726.7010000006,47322.503499999984,554574.1095,265795.9290000001,48.13978495597839,65.59758098125458,162.68199892044066,88.00118536949158,5.484174316116833,6.9652949509521935,9.005236921606775,6.3302500103074575,8.013741931271168,8.457008073070355,10.8663387301468,13.162241912272666,13.452387103726775,1.7941612940401797,2.8652419421851887,3.4616290286333573,2253.7395481075882,560.5759557637085,1672.755935314069,490.8530536842744,366.98313417603924,183.63804274540325,3556.9516156203545,3142.4989479357687,13.829613548878774,6.16949829604489,414.4526676845843,0.0,70.43574411762654
2030-01-01,73151.519,273827.1115,32146.473000000005,30172.980499999994,51329.81549999997,278307.71550000005,60124.604999999996,716116.9955000005,51533.882499999985,558868.5965,271708.4080000001,60.95106291770935,85.55265271663666,212.1705780982971,111.0163565158844,5.371587570971451,6.778085030347666,8.780672329622394,6.299008073157539,7.962225800608435,8.389604848094523,10.890209696946599,13.169048362008985,13.433064517667205,1.7078064539439732,2.755403231129412,3.3461451596340113,2321.607803255807,550.2009005567014,1707.958813775845,490.8530536842744,380.2204222137779,183.63804274540325,3726.9947385014793,3302.779733643251,13.829613548878774,6.16949829604489,424.2150048582272,0.0,69.93197775964059
2031-01-01,75489.146,289655.00049999997,32865.726,30683.73849999999,53335.19449999996,292855.7580000001,62897.144499999995,743452.3295000006,53473.73699999999,581446.2685,286760.7220000001,59.76729207038879,82.70171778202057,205.10025911331178,108.46882596015931,5.533115037477865,7.027112782988115,9.142493576125343,6.41684677990664,8.069572574717382,8.475314526067624,10.961612917723189,13.236951587661618,13.489758069284491,1.8720806488406752,2.902193553117856,3.460870964101125,2416.585502792387,551.6836271432165,1787.1187959938463,506.68805049361,401.71521395431074,184.6919141664082,3855.139489718593,3426.8982548216286,11.119891769976672,4.9579556871693935,428.2412348969627,0.0,69.27501995363477
2032-01-01,82940.45499999999,306181.6075,36353.6675,32227.72699999999,57871.215499999955,309905.3575000001,67111.19,781593.7375000005,58005.948999999986,609967.5404999999,299774.9965000001,59.75325131416321,85.77099077701568,212.71205682754515,110.65256848335267,5.729142573129093,7.221912535553566,9.331066999281393,6.4795967794759495,8.114822575209601,8.51831452428333,10.99411291556973,13.227451594798794,13.4807580740221,1.9650806494808244,3.0021935523547723,3.555870964278978,2462.921798405256,547.3760558024942,1848.399186052816,582.5934007042592,423.57971550862675,197.57104340737382,4156.917602702242,3718.9140306316344,11.119891769976672,4.9579556871693935,438.0035720706055,0.0,68.61786196899394
2033-01-01,82547.72949999999,299604.14499999996,36341.85400000001,32210.88199999999,56900.231999999945,302160.59850000014,65522.04549999999,763440.0200000006,57116.88499999999,594669.5259999998,294694.26750000013,62.49754958152771,89.27049057483673,221.3908158302307,113.73973450660705,5.5187705292923965,7.011669108741262,9.079817241743513,6.131677424191166,7.836024192489323,8.252782264159567,10.765338721739182,13.036645145570073,13.270967754240951,1.4980161315521165,2.635403231197909,3.2345967703018217,2334.9175452177396,545.9493719408426,1767.0953808425802,571.9076294338363,414.10856307486847,197.57104340737382,4100.5657003841725,3662.5857805336464,11.119891769976672,4.9579556871693935,437.9799198505246,0.0,69.45565197169529
2034-01-01,83457.3855,307328.5105,35618.816000000006,31731.148999999987,57509.67099999994,310306.1345000001,66956.49149999999,779813.7075000006,57729.09449999999,609347.7669999999,304954.76300000015,60.121323585510254,85.0551509141922,210.93677339553832,107.71756844520569,5.640733998018595,7.2791419909698565,9.477475077465716,6.3761935508945164,8.020927418032361,8.431774200258712,10.944580659330367,13.18727418107371,13.419580663404151,1.8078064536165086,2.8545806513979075,3.44396773826391,2297.062345979247,544.2412914162437,1733.5486926668568,568.0646542336963,427.3753407779174,197.57104340737382,4109.72404090506,3672.938200391366,11.119891769976672,4.9579556871693935,436.78584051369245,0.0,70.06757942688245
2035-01-01,64795.661,263818.17699999997,26848.59750000001,23961.901499999985,44975.33949999993,257923.70350000012,55565.84699999999,692621.3035000006,46178.159499999994,545014.1349999999,268491.62950000016,59.485192108154294,86.95955440998077,215.65969362258912,102.72311387062072,5.013968771813461,6.430505814948901,8.387530768099897,6.489024194010021,8.130129040041638,8.534709685175645,11.11208065744609,13.357548378744431,13.59316130838086,1.865967741443385,2.9027096837098085,3.4762580609099274,2288.0876876263574,547.4918021164616,1680.3903301850728,441.8436484447549,362.00065537639455,94.73586145395447,3530.4159012844952,3093.630060770801,11.119891769976672,4.9579556871693935,436.78584051369245,0.0,70.65992280750388
2036-01-01,65241.4,265799.9869999999,27088.794500000007,23950.656499999986,45432.05199999993,258707.84600000008,56051.96549999999,696308.8555000005,46849.189,547810.3564999999,269441.35000000015,59.51976866722107,86.92444159984589,215.57261381149291,102.22297756671905,5.050387553619339,6.591972970644656,8.710512759187987,6.453903221884261,8.142830650637588,8.54448387478628,11.004516143532044,13.296919339318427,13.52258066746496,1.903290321422561,2.988741940860787,3.566387093974457,2190.5237264049033,543.434784634687,1619.3689094879016,441.8436484447549,359.8660107811878,94.73586145395447,3542.715061896795,3099.642294028905,4.611141637679774,2.066796865000163,443.0727678678883,0.0,70.61425684761086
2037-01-01,62268.011,253811.38549999992,25319.386500000004,23165.311499999985,43155.68199999993,249495.1605000001,53034.31449999999,663071.6905000005,43662.0605,526302.1879999998,255884.59150000016,58.03348422050476,86.94654700756072,215.6274348258972,102.13987152576446,4.911024723534183,6.191539906311755,8.065115385788522,6.483911283739332,8.173096782146322,8.572129038553081,11.058645179158733,13.33727417799734,13.563854865874006,1.9091774175814806,3.008919361546155,3.580403220984002,2116.735488983685,541.7031438217796,1577.2090634351875,438.1729361861514,332.2906526798126,94.73586145395447,3382.492950262325,2951.193547928592,6.068771739131652,2.717016347622276,431.2994023337301,0.0,71.55844119835805
2038-01-01,64621.61899999999,260828.3519999999,25637.713500000005,22755.467499999984,45164.62649999993,262995.2360000001,55172.78699999999,684657.1555000006,45670.367,542047.2654999999,261099.4655000001,60.742825222015384,87.8115386724472,217.77261419296264,105.78265888690949,4.89288713041783,6.137200991470036,7.921220401742721,6.442846768702411,8.158056461988318,8.537806455214174,10.998177432593312,13.318193530651829,13.526790350483305,1.8875161276679608,2.9979193618881608,3.5488225756723786,2184.828463021432,537.4592000925957,1631.4037162303887,454.01467860212733,340.3333218169877,94.73586145395447,3694.6882576042976,3269.82916600352,6.068771739131652,2.717016347622276,424.8590916007739,0.0,70.86904436660497
2039-01-01,65716.02549999999,271559.3374999999,25902.328500000007,23057.095999999983,46283.42099999993,269571.8635000001,57520.55999999998,708118.7875000006,46965.9605,560554.5624999999,270065.6030000001,60.4582905292511,87.87551443576812,217.9312741279602,106.1910073518753,4.945245888645468,6.198164684827953,8.044224353143182,6.30614515329531,8.021588714838389,8.396346777148782,10.834709686004823,13.149532244666926,13.355532280860402,1.77758064425941,2.8936451681559126,3.4371612842374986,2286.7994888801613,539.426454150001,1660.7841499676204,456.98574406862963,355.57631643941716,94.73586145395447,3808.7457659961156,3370.3761070837304,3.398111766430136,1.5225305129082465,438.3696589123815,0.0,70.40355546808794
2040-01-01,67397.052,267554.9044999999,26203.491000000005,23134.974999999984,47175.927499999925,266952.1660000001,57850.80399999999,697584.6910000006,47136.7065,550881.5164999999,263323.8990000001,63.213133811950684,91.55216805934906,227.04937467575073,111.709477353096,4.660826049932939,5.768336033636752,7.3517181012744,6.356346760430344,8.076314522551312,8.449870969066692,10.96101613521816,13.278532242390416,13.48729034162336,1.7516774191400941,2.874096780666901,3.412451608271728,2356.7312181173124,546.9802712446613,1696.9385744107317,456.98574406862963,363.40885675104494,94.73586145395447,3907.4229568756114,3462.428521974264,1.5493891775925317,0.6928769769755757,444.9944349013437,0.0,69.41975488340823
2041-01-01,65751.70499999999,270414.36399999994,25730.410500000005,23083.775999999983,46311.85599999993,271180.6860000001,57268.2485,704549.8010000006,46530.282,557998.0844999999,269302.2555000001,61.202369928359985,87.07660434246063,215.94997663497924,107.14630997180939,4.779721999380991,6.012973495246024,7.674447796648837,6.39353224444053,8.123854841517225,8.501306453875953,10.986516131664953,13.288096768240772,13.514274211852774,1.8005483846660826,2.959612909848652,3.488338704272022,2368.0208852454152,544.479911203278,1693.252733209938,456.98574406862963,360.0844283140824,94.73586145395447,3807.10570855616,3358.789247214126,1.5493891775925317,0.6928769769755757,448.3164613420304,0.0,70.17103719565287
2042-01-01,65511.93999999999,260612.27749999994,25187.385000000002,21079.800999999985,46405.75349999992,250484.5380000001,55792.9105,669168.5515000005,47075.20900000001,526922.8339999998,258346.9845000001,58.61429657936096,84.27952258586883,209.01321439743043,105.26039917469025,4.6466304380840935,5.892519671124228,7.525591955641085,6.286991920598573,8.044467748542347,8.441983872892392,10.959629040535898,13.254596768271535,13.482951635699113,1.6143548377609303,2.834338717595224,3.4010161229259053,2388.614874796761,538.8942781035366,1730.5737987433156,438.88924242764796,345.5397439187635,106.00179074937196,3811.91508050731,3358.788949751888,1.5493891775925317,0.6928769769755757,453.1261307554185,0.0,69.82594834904117
2043-01-01,65301.5605,251096.87849999996,24897.632,20829.432499999984,46031.370499999925,246497.76050000003,54019.466499999995,657270.9970000004,45998.53200000001,515949.58149999985,245286.5185000001,59.21737599372864,83.5267172574997,207.14625730514527,104.18176109790802,4.483926533722979,5.625641541442292,7.087015121209243,6.394217733041414,8.121604847316181,8.522274201195083,11.077709683451438,13.370919353346668,13.609580665249974,1.710725806169813,2.872290328601676,3.4349677346075973,2466.4669580353543,538.492212244396,1788.461773705433,442.7322176277879,333.67623075954054,106.00179074937196,3891.197036626276,3426.810292646324,1.5493891775925317,0.6928769769755757,464.38674397994953,0.0,68.8540268614029
2044-01-01,61059.48949999999,240697.31549999994,23487.315000000002,18773.910999999986,44309.90649999993,238859.11200000005,52600.062499999985,629304.3975000004,44171.393000000004,496377.1499999998,236648.4665000001,49.31606388092041,70.13337881565094,173.9307806968689,94.96203272342682,4.43483596297624,5.63073799072381,7.213673109594947,6.422314507358017,8.124411299329012,8.51278226611114,11.047516133864558,13.339387102665436,13.568790344269042,1.7971129031220994,2.909435488199515,3.4567741857330887,2348.6352889454374,536.8758550071441,1728.5654107110124,366.0707876540215,300.64950443563725,105.96309837236359,3511.4499258885808,3055.4121321050798,2.149132706381738,1.1578184312755637,456.03779378349947,0.0,70.0312742068452
2045-01-01,72376.435,275302.5754999999,27352.442,22236.821499999984,52316.645499999926,291861.3485000001,60354.921999999984,742472.0075000004,51208.910500000005,585590.5909999998,267982.1095000001,48.05948753356934,65.60209619998932,162.69319925308227,91.02666952610016,4.93723156829833,6.349491671797023,8.06124992078212,6.479927407265191,8.174879037742054,8.563766137294227,11.030629032429665,13.295177432414018,13.527822599872461,1.929225805476909,3.0545806496734578,3.5997096707353426,2451.4050417073445,535.9952270971465,1802.0736855446726,533.571704238693,355.82566112181905,164.3348140285811,4100.348040200995,3639.4723851139597,2.149132706381738,1.1578184312755637,460.875655087033,0.0,68.92993231551002
2046-01-01,75078.372,292342.8515,28441.316499999997,22898.233999999982,55041.35149999992,305542.3345000001,64308.01949999998,766477.1845000003,54028.95,601602.4419999997,284063.0470000001,48.17383813858032,65.9178058385849,163.47615909576416,90.79913923740386,5.227904757508304,6.919132015536434,8.815987156728351,6.242927405129999,8.01662904022622,8.421266134371677,10.76612903279883,13.099677433890676,13.339822592273833,1.719725806752761,2.9335806491634537,3.5027096706172154,2405.6524827033254,530.5048937974547,1795.3533830551119,533.571704238693,366.84372921046895,164.3348140285811,4174.626115824597,3710.2846846485795,2.0573736302410817,1.1151609369221025,464.3414311760157,0.0,68.73254394186786
2047-01-01,74829.42550000001,284997.4064999999,28464.934999999998,23101.897499999985,54714.40549999991,299056.4170000001,63351.50349999998,743008.4080000004,53392.225,582186.7394999997,274007.59400000004,50.525522518157956,69.51138637065887,172.3882387161255,92.8801096200943,4.89321043863813,6.605415455266939,8.490494840232259,6.3607580523216924,8.130193557262782,8.54088709974481,10.956032257467024,13.288677442073816,13.527790335685975,1.7654838715109136,2.97170968090875,3.5539838655461233,2380.5864077861966,526.3425925055045,1783.9386583470853,533.1594714547533,366.99570472052847,163.88377654938705,4144.42532130644,3691.228092152117,6.894570012705669,3.2591594335622647,453.1972291543213,0.32992757973565584,69.08906449814508
2048-01-01,75990.86400000002,287498.3989999999,28997.972499999996,23631.595999999983,56329.820499999914,296183.6565000001,65097.361499999985,718620.0325000004,54995.14200000001,562288.9994999997,274979.59200000006,49.2229681968689,67.28943507671356,166.87779941558838,91.93821547031402,5.012931538878479,6.903489613107285,8.967658081596436,6.448532245993134,8.20445162402466,8.618016129203378,10.977741931102445,13.304016149044031,13.550887104772752,1.9193225801922384,3.104887099543045,3.6851451561575943,2322.3606891356717,523.8551666941646,1749.4531349452132,452.8922286204126,361.7274727315649,163.88377654938705,3987.599398333645,3534.4021691793214,6.894570012705669,3.2591594335622647,453.1972291543213,0.32992757973565584,69.36632321624253
2049-01-01,83574.13350000003,305311.9574999999,33590.2785,27678.463999999978,62132.71549999992,309837.2250000001,70285.26999999999,740628.8425000004,60280.17100000001,577758.5199999997,283691.7285,47.92398290634155,65.71277358531952,162.9676794052124,94.09748823642731,4.986102004857026,6.8752329866139,8.919641084767772,6.464064507318602,8.19641130122867,8.610959675283198,10.967322576202207,13.300322604563922,13.54053226901639,1.9608064509417502,3.0925000007384487,3.6813870897937213,2357.237791999663,524.51831635711,1791.1129980971832,472.9569609689139,396.77079921799384,174.05196694879524,4263.089725302648,3797.4484366651486,6.894570012705669,3.2591594335622647,465.6412886374977,0.32992757973565584,68.36344936242185
2050-01-01,95527.76450000002,339349.37249999994,38600.842,32298.95649999998,72542.70349999992,350537.5105000001,79081.16199999998,803495.9055000003,67065.90800000001,630847.7584999996,307531.4835,37.05713605880737,50.75615508556366,125.87526302337646,77.72587721347809,5.374864394123074,7.4650258138546635,9.672457997733272,6.675588701797591,8.384322585967642,8.782459675160144,11.10561289226095,13.40585486465884,13.656596786745135,2.245564517333743,3.362790325160829,3.9083225733690687,2390.660000635654,529.4231704983541,1844.2888147020149,556.8466572302725,445.7637648636669,233.25359698066683,4728.97432448534,4258.523366434451,6.894570012705669,3.2591594335622647,470.45095805088584,0.32992757973565584,67.52488283610542
2051-01-01,98593.99900000001,336042.5365,40307.565500000004,33718.99699999998,73431.66899999992,349557.7245000001,79550.26199999999,814774.3685000003,68264.14800000002,636083.3499999996,305192.2545,46.640973281860354,57.28480188846588,142.0663064956665,88.77033045291901,5.326862440492482,7.249017222644033,9.311165065905788,6.702185476198794,8.421572586013788,8.804322574263617,11.15488709226971,13.45240325581642,13.672870978232353,2.249483872135921,3.390741939226826,3.935774190074975,2327.0508379978605,521.7852870219365,1806.638939944869,544.854635621077,443.7584027416997,232.1997255596619,4895.731687293775,4412.83666975971,6.894570012705669,3.2591594335622647,482.8950175340623,0.32992757973565584,67.21314780807631
2052-01-01,91491.34050000002,322474.2465,37257.245,32995.66599999998,69472.14699999992,336609.8205000001,75562.32349999998,781093.4145000004,64021.86250000001,614720.8334999996,297735.1645,44.341428351402286,52.55990779399872,130.34856839179992,82.49261810779572,5.411440975448864,7.503490127828991,9.68894059246477,6.771701605077235,8.512346782207853,8.892225799300977,11.21417741521952,13.53814518643963,13.751774199547308,2.3292258080245265,3.4865483941660527,4.032677418966928,2236.9942824589534,525.6328645307883,1742.9745843207552,468.9492854104277,427.958165375266,219.3205963186963,4530.403845655925,4048.6461719056706,7.217883944495566,3.408095573237272,481.7576737502519,0.32992757973565584,68.50767022717858
2053-01-01,92890.76200000002,328658.1825,37684.8065,33317.76549999998,70465.37349999993,344964.7065000001,76613.6565,805464.3565000005,65124.250000000015,635981.5954999996,304589.326,41.05540430545807,47.660649919509886,118.1984091758728,77.99698193073273,6.078217214489518,8.201012111686214,10.503023348979422,7.088717734417129,8.795233878973994,9.166379022982811,11.448177418593431,13.750741957079972,13.968338711031024,2.7292580661063477,3.8397258126236977,4.364419353080374,2222.616215847568,520.1804235306078,1742.7907408560793,466.98503808162025,432.65470895338206,218.1805792470155,4524.427246244764,4051.32477940128,11.733351837299818,5.418039119889334,473.1024668434828,1.2790740518217583,68.71899837380164
2054-01-01,86718.91150000002,309146.66,35554.926,31851.64749999998,66794.20399999994,327941.3245000001,72150.977,770196.4930000005,61372.59950000001,607577.7934999996,284381.66349999997,40.52480010986328,45.55692437589168,112.98116968870163,74.43248167037964,5.8529715352759695,7.758761914954993,9.816799119392545,7.039112898022419,8.775766137530729,9.137983861661725,11.464612901403052,13.800080669310777,13.999016124971453,2.613612904438689,3.75145161954626,4.276951611751031,2198.9613148281633,519.9775224637816,1741.7719437851513,466.98503808162025,404.5812674550936,218.1805792470155,4424.990631182104,3954.016967893177,11.75843094747152,5.428070763958017,470.97366328892514,1.2790740518217583,68.86767236955673
2055-01-01,89416.75150000003,319156.52349999995,37089.2005,33131.22299999998,69128.41699999993,337349.1940000001,74299.71900000001,771480.1795000006,63137.56550000001,611153.2429999996,292852.07699999993,38.20137994289398,42.751037034392354,106.02256938219071,71.41652693748475,6.114943314840298,8.195644189246376,10.48171164561909,7.0439999966731985,8.787330644553709,9.14222579809927,11.412725809889448,13.762209703845354,13.947096776962283,2.6752741970031737,3.8124516186694946,4.337354839749396,2078.4488311796295,513.5667522906344,1699.6010373605925,456.6805601456098,405.3956265558401,217.527799732216,4261.697177140171,3810.7068876778308,14.05077796474481,6.4545425068833975,450.99028946233904,1.5361436881105917,69.90698423601022
2056-01-01,89006.08350000004,316603.14749999996,36854.429500000006,33100.631999999976,68601.52049999994,335048.4725000001,73730.58200000001,762130.9420000005,62417.31550000001,602680.0434999996,290286.6234999999,37.792983973026274,42.552907986193894,105.53120937123894,71.21858753561973,5.92763527619411,7.900887000836519,10.063893117865973,7.123137097385144,8.849008063539383,9.206314507992037,11.581370972625663,13.916677453440997,14.092064516005982,2.664903228624814,3.781338717818501,4.320564512800307,2115.8689653970587,511.06810087000713,1732.5312882817962,456.73339052681723,405.3612028700032,217.527799732216,4246.707988952705,3803.1982895035317,17.028684918523528,7.782334952636054,443.5096994491717,1.5361436881105917,69.96092622277092
2057-01-01,101216.26950000004,351350.54999999993,42131.2565,37975.051999999974,77672.34999999995,369500.47200000007,82710.03450000001,823347.4290000005,70137.77300000002,646661.4529999995,317533.3904999999,39.19790703058243,45.040359158068895,111.70008907094598,74.78523926138878,6.061540963567881,8.317581064447586,10.770017664780335,7.124991935864093,8.84062096476555,9.203999989648018,11.534419359507092,13.879483907453467,14.044080643500056,2.715564519602565,3.8017580720145383,4.363919352079113,2207.553430018602,514.2214206439688,1807.863222837183,527.8279061997971,463.39529500124434,242.1570009738287,4601.797925030312,4146.514860046981,15.57105481707165,7.132115470013941,455.28306498332984,1.5361436881105917,68.64769436372745
2058-01-01,104390.00050000004,353586.1294999999,44060.2355,40030.68399999997,79716.84699999994,365939.07450000005,83661.56000000001,815143.1870000004,71068.14200000002,640167.4854999996,317740.8954999999,37.00541664361954,44.54894794896245,110.48138904348016,73.05537590384483,6.090737821323114,8.374854465482077,10.917497376063602,7.170483868917633,8.85834676777163,9.233427414971013,11.619112908263354,13.922193579519941,14.089661287492325,2.7218548413275956,3.7945000074803836,4.377193543215794,2155.7823023090345,519.0753804860642,1779.0984970718353,515.8291389839612,466.3305719423357,242.1570009738287,4489.182926453829,4035.0939408073295,15.57105481707165,7.132115470013941,454.0889856464977,1.5361436881105917,68.83263144071105
2059-01-01,103661.15350000003,347050.37549999997,43860.15800000001,39765.470499999974,78775.96499999994,363928.54050000006,82115.54150000002,807998.3750000002,70079.73800000001,634296.6134999995,314368.5129999999,37.35073624849319,45.42517389729619,112.65442933812737,74.75952762961387,6.1004872740635845,8.434383103772143,10.952424128477924,7.219790321396244,8.919798383885816,9.297717735459726,11.690096774408888,14.002064544154745,14.169161292814442,2.749483873650071,3.8375322633152535,4.426274189494191,2105.9467959014983,515.9269694466207,1777.6235729096109,512.804399478489,453.10556432567785,242.1570009738287,4519.665123552728,4072.016448639185,15.57105481707165,7.132115470013941,447.6486749135415,1.5361436881105917,68.42028008777939
2060-01-01,108793.74500000002,366588.4275,46965.71800000001,42367.046499999975,82594.05299999994,381880.02100000007,86891.58600000001,877179.9490000003,74877.823,685242.6014999995,333720.5579999999,37.28534814119339,43.66289953663945,108.28398942723871,72.27004246115685,6.6932600202030015,9.135567924348015,11.880604231453253,7.212612907348142,8.932048387392877,9.309508058717173,11.558532256849343,13.890370999613108,14.054241937975732,2.866693550837977,3.973725814246123,4.56477418844438,2168.675079563579,513.1728463676134,1812.0660398859266,580.3683311218657,482.00946541770406,244.74722505792383,4724.415027776529,4270.32604213003,15.57105481707165,7.132115470013941,454.0889856464977,1.5361436881105917,68.29197868480996
2061-01-01,108740.43300000003,361124.4235,46989.67100000001,42425.49949999997,82469.01049999995,379634.6185000001,86134.755,874218.6330000001,74556.895,682733.4419999996,327751.3684999999,37.02219533920288,42.75638340190053,106.0358293749392,69.90178501009942,6.724190573858982,9.184395223386947,11.935138440840456,7.457854842634933,9.1556451625401,9.516298381359345,11.758080645530448,14.090483899270328,14.260483873275021,3.1576290323459095,4.220806462780363,4.7721128983333,2129.2857627382664,505.57625597484093,1799.931495717686,580.3683311218657,475.50681150706396,244.74722505792383,4693.737223686896,4240.3424298960945,15.57105481707165,7.132115470013941,453.3947937908013,1.5361436881105917,68.63200237967982
2062-01-01,101773.78100000005,344591.5215,44792.88250000001,41771.55899999997,76880.34449999993,371771.50050000014,80696.47,866768.9090000002,68573.37950000001,681143.9954999995,318307.5349999999,35.43047680854797,39.050520998984574,96.84529027715325,64.50687658190728,6.708320226910496,9.060695170559757,11.73666114646294,7.510024198673426,9.216709679653569,9.563612896588538,11.787709679911206,14.131145193499895,14.298919356253842,3.2323387093271223,4.30227420525325,4.828306444998712,2057.1688839350163,509.6716313200699,1716.552361939603,546.2129731566554,444.7253644603484,226.5022511902188,4488.851966533373,4046.707152888916,15.57105481707165,7.132115470013941,442.14481364445703,1.5361436881105917,69.50234413917912
2063-01-01,108984.18550000005,370050.0355,47887.20450000001,44400.29199999997,81166.65649999994,389957.01450000016,85961.808,921550.8155000001,73779.25200000001,721069.2584999995,342987.8374999999,35.103393411636354,40.2229880400002,99.75300817266107,65.57031690478325,7.0504872749401555,9.58033328702104,12.475657740830684,7.398306452338734,9.146919353642772,9.480056440637956,11.63629032334973,13.991451639513807,14.133564513729468,3.1603225788792537,4.30238710777053,4.826548380957497,2038.218477696677,505.829620354394,1686.8228933348169,563.3010095316629,482.1173172170585,226.5022511902188,4617.712405606513,4175.567591962054,15.57105481707165,7.132115470013941,442.14481364445703,1.5361436881105917,69.67118511305374
2064-01-01,108036.18850000005,366221.66750000004,47359.8965,43950.78599999997,79629.48149999994,388652.85450000013,84256.172,929062.9970000001,72797.686,729733.0459999995,342533.4209999999,35.24991426467896,40.892326695472,101.41296796575189,66.84284755587578,7.14430833397148,9.567328381920651,12.406484995862593,7.409572581970885,9.164290318277576,9.486645147300534,11.715645162520863,14.055645182055803,14.180758060947543,3.1034999963887517,4.272935494738482,4.792532251880415,2055.9718240192683,516.9311235315992,1690.7697054336309,559.4580343315229,494.91043996506744,226.5022511902188,4627.5279385866315,4173.962124380104,14.971311288282445,6.667174015713954,453.5658142065257,1.5361436881105917,69.73090746529697
2065-01-01,102735.96000000004,342842.363,46084.448500000006,44431.61349999996,75808.93749999994,342062.2210000001,79943.562,805539.7980000002,68146.7855,632713.2414999995,317741.75499999995,34.96043529510498,42.310535771399735,104.9301262833178,67.92374183535576,6.652084031872278,8.951515161467706,11.747179677098938,7.48397580873101,9.214741933826478,9.535758050987797,11.851258068699982,14.171983887303252,14.293258059409359,3.116693546902389,4.257500008667909,4.778258060696986,1924.0374411873825,519.7786224447088,1625.3916748538772,391.9571177468513,454.9825208686857,168.1305355340013,4246.0578334113,3804.936078687947,14.971311288282445,6.667174015713954,441.1217547233493,1.5361436881105917,70.17577066505508
2066-01-01,113703.10200000003,359591.75700000004,51013.095,50564.062999999966,83029.57799999995,359280.1165000001,85484.4455,842264.293,73725.66699999999,659868.6894999996,328836.0289999999,35.494237422943115,44.586124665290114,110.57358712926506,73.44760553240776,6.786680027373154,9.045496787852334,11.85860680749047,7.753145163674509,9.40909677349752,9.71498385879301,12.054290328871812,14.289967758424813,14.404903221899465,3.451999996689659,4.528225815698745,5.0250645120868525,1987.2376401397783,519.3092539971499,1682.319700767138,398.8795100443982,490.31929207367074,174.00966965916268,4627.421441428114,4175.041978576874,14.971311288282445,6.667174015713954,452.37946285123763,1.5361436881105917,69.02170930959421
2067-01-01,124248.28600000004,397239.58700000006,55121.763,54033.07749999997,92592.19249999995,404620.83400000015,94884.63500000001,914307.3,80548.6175,716309.4459999996,361057.8324999999,32.87292125225067,40.20468117073178,99.70760744586588,70.19571105837822,7.1769177840818426,9.662159516261909,12.693350207722869,7.761403224929687,9.397024190329736,9.699137084907099,11.982935496684037,14.185612920022773,14.307403217592547,3.539870965279518,4.608435495017518,5.090870963430573,2092.9230527486484,536.5400684467468,1748.371763625303,427.0172596176174,546.619777521482,187.48525926330305,4925.708287852776,4455.582585940148,10.134114905817857,4.523175519073792,470.12570191262546,1.2062161083749359,68.03045563470236
2068-01-01,123862.22850000004,389862.9170000001,55008.44249999999,53847.02149999996,91646.53399999994,394624.3770000001,93512.2625,891965.8724999999,79925.8155,698639.6849999996,354376.7809999999,33.271636080741885,41.68726211860776,103.38440798297525,72.13792373538017,7.029102769226983,9.426505864715455,12.440076362027503,7.661806450351593,9.298403221849473,9.597483862407744,11.94483872267507,14.136435502575285,14.244564509391784,3.378774192055026,4.4603709806598015,4.9504032209846045,2079.4374773603604,538.5144944843257,1751.3917275100926,427.0172596176174,545.4110213633096,187.48525926330305,4901.057542985072,4418.487781589267,10.134114905817857,4.523175519073792,482.56976139580195,1.2062161083749359,67.89300255216887
2069-01-01,111159.31600000004,355910.3625000001,48616.88249999999,47994.867499999964,82776.39699999994,361261.3580000001,84809.9545,836721.029,71859.33599999998,658619.7634999997,329163.1804999999,33.88652474880219,42.983657229691744,106.5994680263102,69.9352572619915,6.871572681386487,9.041035232660306,11.94150644811034,7.599080644115325,9.258064514110163,9.554483863422945,11.924129048855068,14.130967759316963,14.245129023059722,3.2740322574041785,4.385161303695773,4.86383870439604,1986.1211667345838,542.4597636932341,1697.7709476862317,406.9525272691161,495.2382740826617,177.3170688638949,4535.971068273938,4068.0269625935152,10.134114905817857,4.523175519073792,467.9441056804194,1.2062161083749359,69.18603117586892
2070-01-01,96946.70200000003,320698.1590000001,42971.187499999985,41979.90849999997,71421.58899999995,319276.0405000001,75805.34700000001,764780.49,63044.94749999999,601467.5029999997,304710.07499999995,30.65908029079437,37.63559118583798,93.33626535907388,63.238212221860884,6.615364324590655,8.664360540789222,11.549248022110442,7.310298387081393,9.053306454708498,9.362249992547493,11.694177441635434,13.99030646739467,14.094290314182157,2.9264193532477702,4.116306463187381,4.630209672700373,1920.760763455625,546.497724765303,1631.7546712563326,323.0628310077575,441.8094233625361,118.11543883202326,4040.6201979671923,3583.9260724331134,10.134114905817857,4.523175519073792,456.6941255340751,1.2062161083749359,69.77728933767942
2071-01-01,91312.86100000003,309823.23650000006,40369.79599999999,39817.78649999997,68298.22749999995,308834.7575000001,72198.18800000001,748006.0925,59638.833499999986,591997.2074999997,296732.44299999997,22.017337012290955,33.304307616502044,82.59468287006021,53.43803178668022,6.624512404707775,8.66432284510638,11.512243492478046,7.379104841909101,9.096806453216459,9.421967734636796,11.755548408146822,14.015467750641605,14.15006451145295,3.0026612889292017,4.178145174060258,4.693870961735206,1937.6709924363215,550.8117054214665,1614.7558188365358,319.2198558076175,419.049049908352,118.11543883202326,3857.622601643802,3415.500482696754,10.134114905817857,4.523175519073792,442.12211894704416,1.2062161083749359,69.97407191989087
2072-01-01,93256.87450000003,319685.3275000001,40917.001499999984,40154.38599999997,70585.49249999995,324091.3600000001,74641.38850000002,761806.323,61274.62249999998,600157.0594999997,304907.34099999996,22.95635414123535,33.827888215333225,83.893162856251,54.825167959928514,6.529978771434389,8.655824020122145,11.537605300366886,7.359500003245569,9.059370963900317,9.385822575899859,11.765903246979555,13.98170968717144,14.10543548522457,2.953096772000314,4.137032265868039,4.666209671390994,2001.7314436463778,545.4053461261362,1619.9931987686646,334.2523542133116,423.6124070705667,118.11543883202326,3921.068149919231,3477.8086871883725,9.810800974027961,4.374239379398785,443.2594627308546,1.2062161083749359,69.41317672256032
2073-01-01,101543.31300000004,351893.8790000001,44388.93099999998,44555.73499999997,77532.29599999994,357730.3500000001,81808.073,834837.0179999999,66084.90699999999,653716.6394999997,331927.6479999999,22.63562512397766,33.66313824729586,83.48458292789,54.18375901579857,6.581609624675593,8.835050204287745,11.750114813159962,7.389540323903484,9.091870956363215,9.422701610096036,11.733419375842612,13.948403234635625,14.066338711400183,3.0456612884427505,4.235338716590478,4.779064513259237,2092.317068763734,550.157766272013,1668.3093848161436,364.85780456523423,476.43142453634954,119.25545590370405,4210.9586032863945,3746.736902398289,5.29533308122371,2.3642958327467216,464.22170088810043,0.2570696362888336,68.62847414770694
2074-01-01,110907.31200000003,382324.2655000001,48206.41049999998,47633.42949999997,85170.50699999995,386634.93150000006,90009.79650000001,908238.5059999998,73125.32849999999,709379.2249999996,361156.4134999999,23.451899456977845,35.42531563417579,87.8547826201393,55.97978927493095,7.076343838662842,9.50526548173375,12.605261492564022,7.421064518920836,9.130080630798492,9.463806447482876,11.665758086981308,13.88474193542234,14.013645167504583,3.1763709655001513,4.375419360131867,4.913967737612585,2140.230762290581,551.6385068284676,1699.8577419799349,368.70077976537425,520.7846492040564,119.25545590370405,4400.151366204514,3921.560775782024,5.270253971052005,2.35426418867804,478.59059042248447,0.2570696362888336,67.94577337329488
2075-01-01,128386.59200000003,426944.19800000015,56436.62899999998,57786.67899999997,96761.10849999994,431943.23050000006,101173.64000000001,1001721.3699999999,83853.8375,775654.6969999997,397863.2265,25.044600820541383,36.525299540921694,90.58274270600813,59.75294119715691,7.228429858054824,9.874103597691919,13.038426267097384,7.384451615233575,9.102467734679099,9.442483864868837,11.681209695146926,13.88729031624332,14.007080645715032,3.0876935461626167,4.317645167171835,4.877887088982688,2259.569934910644,558.1846364954998,1773.6881774358524,478.2495145361836,605.0488930336588,174.68523993206503,5055.499592134196,4556.92562788512,2.977906953778717,1.327792445752658,498.57396424907057,1.3322676295501878e-16,66.59908590060239
2076-01-01,132066.27050000004,446128.30000000016,57628.14949999998,58676.23049999997,99917.57849999993,448213.0880000001,105272.63450000001,1040756.5479999998,87028.56149999998,809089.2004999997,419475.4785,26.996639025211334,41.08426740767027,101.88898280195136,64.21924414634705,7.600569412587001,10.437560416058023,13.758115488070326,7.402056451574448,9.085838704051508,9.433435478325809,11.656564533518203,13.804645159936715,13.931774191702562,3.1475483841743435,4.36703226116576,4.935096769909103,2235.124507720148,562.3886458767658,1750.5425953371916,478.1966841549762,630.4873264491191,174.68523993206503,5143.6159719822535,4636.211260383185,1.4210854715202005e-15,1.0658141036401502e-15,507.4047115990635,1.3322676295501878e-16,66.30686171977416
2077-01-01,128512.70950000004,442297.09350000013,54969.03149999997,55965.33199999997,97505.47849999992,451505.0825,103494.30500000002,1071873.747,85212.46949999998,834403.0334999997,418650.43000000005,25.14518109560013,37.94367921949888,94.10032351545233,59.50701651573181,7.884437003118009,10.492687624481823,13.740953327099124,7.4386693544926175,9.153540320646377,9.506362896773119,11.69464517889484,13.848064510283924,13.985451610626711,3.182693545751633,4.459016132796363,5.027274189610035,2202.0764844755313,563.9528326324864,1734.4883042157987,458.50512347657394,624.6284873635251,160.09614825379998,5080.47016166526,4568.784576261528,1.4210854715202005e-15,1.0658141036401502e-15,511.6855854037273,1.3322676295501878e-16,66.8273832506923
2078-01-01,136499.38100000002,466737.2360000002,59766.04099999997,62314.830999999984,104171.97949999993,484116.478,109213.39850000001,1111289.0335,90939.69649999999,866479.8284999996,437377.2675000001,24.4892471909523,36.67350981833006,90.95030367902655,56.97000136375427,8.15568978456432,11.026243299786984,14.422843704765546,7.511064517690289,9.246999996804421,9.598322573977129,11.70054840445518,13.8968387080777,14.032887094251569,3.321580642897394,4.597161295382126,5.16375805926359,2252.095847927706,559.9626186470025,1792.1070445093326,522.0628589153403,660.5949885369414,248.68990036796396,5289.260355796345,4765.130710909437,1.4210854715202005e-15,1.0658141036401502e-15,524.1296448869037,1.3322676295501878e-16,66.29734146820921
2079-01-01,136825.26200000005,467330.9115000002,59838.67199999996,62388.824999999975,104906.57999999991,485006.8580000001,109749.523,1099155.035,91139.5155,856252.6924999995,435396.944,24.00257679224014,36.154404860749494,89.66292346052069,54.98971304893494,8.082922416046685,10.937543373170593,14.328130358911585,7.595112907501959,9.300975804367372,9.649903214939176,11.80112905060091,13.945645163136135,14.078935483963258,3.3890967732685935,4.65630645651911,5.220870961930844,2249.9730585653465,561.9796558360999,1791.8036606536002,525.9058341154803,665.0549043272941,248.68990036796396,5209.704691480218,4675.088526662426,1.4210854715202005e-15,1.0658141036401502e-15,534.6161648177882,1.3322676295501878e-16,66.37455246851428
2080-01-01,133352.93200000006,459814.6255000002,57667.61999999996,60934.22199999997,103263.3974999999,478991.4450000001,107287.536,1062524.779,87630.9785,833884.2414999994,428268.162,20.873263943195344,33.55488854648138,83.21612287095923,51.66318264007568,7.830020996307039,10.659643105537361,13.975349926408672,7.687959679480523,9.351225801629402,9.699322574177092,11.951983890802627,14.058177416555335,14.193887097604811,3.4239354830806037,4.644274197864315,5.204758060612386,2129.203448367843,562.3937925039747,1725.4939110196822,458.3419024721035,640.7207238820059,246.0996762838688,4972.266264298626,4446.331501776347,0.16835008189464032,0.07666371841915201,525.9347625222747,1.3322676295501878e-16,67.37585606304033
2081-01-01,133399.28000000006,460885.9225000002,57530.01449999997,60792.157999999974,103292.55149999991,483222.01150000014,107392.416,1072432.2475,87504.9925,841067.1584999993,429439.03550000006,24.696892428398133,37.913067793860684,94.02440712980169,58.737197804450986,7.856356021621022,10.558601852058747,13.761666996467103,7.554967742966069,9.226991930507841,9.578717731468135,11.847612918384609,13.95303225440363,14.075661293921934,3.2623225835392295,4.500951612978091,5.081774191351068,2228.4881804031547,572.2012352968082,1788.9405006700053,458.3419024721035,648.3086728751153,246.0996762838688,5012.724782835359,4487.289907794216,0.16835008189464032,0.07666371841915201,525.434875041139,1.3322676295501878e-16,66.38336657731016
2082-01-01,132690.85450000004,457843.52150000026,57207.33349999997,60522.339499999965,102780.33049999991,477810.6785000001,106756.29750000002,1051551.3485,86879.79149999999,825038.5604999993,424586.98600000003,24.969010519981385,38.07647101880575,94.42964711717505,58.87242505550385,7.7382313873929975,10.398219479753426,13.505218450062966,7.71533064573042,9.334379026005342,9.69285482975744,12.008612917507843,14.071290315351172,14.212903230421006,3.422048391633095,4.597467738891681,5.172806451334468,2225.4634358059925,572.7089527315183,1782.256534789251,458.3419024721035,648.8976363939408,246.0996762838688,4927.534927971751,4403.52102710953,0.23066828845749673,0.10592106731734621,524.0139008622158,1.3322676295501878e-16,67.07613536842311
2083-01-01,134685.55800000005,458196.8050000003,58185.80149999998,63324.33449999996,104201.89499999992,474227.0245000001,108558.59550000001,1042352.666,87971.9675,814931.9904999993,424786.1145,29.50129144191742,43.11175887586141,106.91716161302466,65.16809117794037,7.712866529277207,10.443810374466375,13.55555295169106,7.688935482550053,9.339749997469685,9.725056445983144,11.98796775379488,14.10364516165948,14.268096783084255,3.3899032308179273,4.575854838300016,5.182016129488306,2249.0097936065686,571.0694784889284,1776.9292938206283,459.8071056699208,646.6435747018422,246.0996762838688,4968.329187255852,4444.315286393631,0.23066828845749673,0.10592106731734621,524.0139008622158,1.3322676295501878e-16,67.09839992543365
2084-01-01,136928.22600000005,461354.42200000025,58858.969499999985,64354.41049999996,105902.02049999991,477898.4570000001,109397.1695,1033816.8855000001,88613.046,807851.3509999992,426780.00200000004,29.07505878508091,42.19075896741415,104.63308187059302,62.986848378181456,7.866602366783454,10.761671042089256,13.9191010532777,7.8761451552471815,9.496637096520391,9.905104830188131,12.06758065646694,14.187354838463559,14.393677436920905,3.6847096850644903,4.805919355126998,5.416532260948613,2297.7670362385416,571.0353942318632,1828.603153326938,459.8071056699208,652.6359850788301,246.0996762838688,4995.007053280076,4480.948974097984,0.39906379157402777,0.18238281318192562,514.0580791820873,1.3322676295501878e-16,66.83317281260152
2085-01-01,134089.55650000006,465906.85300000024,57471.71649999998,61084.11099999996,104855.70499999991,487016.11250000016,109036.27550000002,1050767.1525,88032.37849999999,821424.5919999994,434110.2570000001,28.20706905424595,39.8668479442742,98.86978285840887,59.09716638326645,7.937185250547017,11.020510350993936,14.351159664052101,7.8372096708224674,9.46741129717519,9.882661282631654,12.067870981077991,14.183193549802217,14.383370997059728,3.606548392180833,4.751629035003603,5.381951614252984,2360.753001403253,571.1168871741468,1833.5694120651992,459.8071056699208,658.2669059258078,246.0996762838688,4827.624715331719,4315.694583253482,0.39906379157402777,0.18238281318192562,511.9301320782329,1.3322676295501878e-16,67.55841783552482
2086-01-01,124359.19500000007,445802.34750000027,53803.92649999998,56611.43099999997,97336.2794999999,469988.13100000017,101827.28050000002,1037718.308,81858.32699999999,813008.5464999995,423029.3130000001,27.214954486489297,36.70777526201273,91.0352821939363,52.56109054088593,7.904454277094018,11.009379552216341,14.345281439802056,7.678104828298092,9.34479032697216,9.776709668867046,11.964516145952283,14.143338712569195,14.33267744818041,3.3916935533675683,4.546241939875988,5.220741940265703,2379.016852880403,573.8229835740703,1792.804037927491,452.8908251548352,624.2719533413815,240.22054215870745,4508.550152017127,4007.8700000852346,0.39906379157402777,0.18238281318192562,500.6801519318886,1.3322676295501878e-16,68.27038718293771
2087-01-01,121180.70350000006,431044.8040000003,51893.54349999998,56169.289999999964,93584.6669999999,454697.4360000002,97512.27500000002,1029525.8439999999,78935.25899999999,804876.4764999995,407469.3070000001,28.287826099991797,38.87904190720583,96.4200233214273,54.585545134544375,7.662986689749696,10.484927395477461,13.615086313795109,7.682911284556312,9.362935492107942,9.799572573938672,12.002838719275687,14.202370968172616,14.392096806341598,3.362983874357755,4.523500001631797,5.20704839171902,2421.183835721125,571.41496882905,1836.0085705666552,522.0063934891851,595.613605926476,278.20506382342836,4790.902681202617,4290.222529270724,0.39906379157402777,0.18238281318192562,500.6801519318886,1.3322676295501878e-16,67.1545837872528
2088-01-01,117746.85500000005,421436.30250000034,50809.46649999998,55516.225499999964,91193.9664999999,447079.7965000003,94666.34800000003,1010928.0689999999,76606.65,790634.6789999995,398890.34900000005,25.25787469446659,35.18722696678306,87.26432248286146,49.79537799805403,7.538409993136165,10.321258806693299,13.361996330307374,7.686838703818859,9.392701619094415,9.821870961881448,12.021580655344069,14.27808064106971,14.453322615931109,3.3520967754685578,4.5073225811093796,5.190419359018487,2344.836400796699,551.9952792352844,1797.9090423099278,519.1562000417636,583.8329853470727,276.6921503459839,4650.123202732341,4180.316188323068,7.53023144178591,3.3422878892778782,469.80701440926975,2.279630123221461,68.6170134584971
2089-01-01,117293.21600000004,422436.6515000003,50473.20399999998,55186.02249999996,91299.7284999999,451321.67750000034,94968.96600000001,1029082.2995,76359.8315,804406.5889999995,398538.4420000001,24.1104615598917,32.28809799031878,80.07448230914015,48.4944387242198,7.580925212730298,10.325325755650852,13.239913789600177,7.821999998294537,9.471556457588749,9.891096763841563,12.158612913470112,14.367419346686322,14.530806482222768,3.485387097966045,4.575693547707651,5.251387100654746,2370.6939872004423,550.1391824444802,1800.2047751916011,519.1562000417636,580.8165534469235,276.6921503459839,4684.534721679731,4214.674058142105,7.53023144178591,3.3422878892778782,469.86066353762135,2.279630123221461,68.18764579008668
2090-01-01,114882.92350000003,417640.2900000004,48735.33599999998,54017.49799999996,89908.1439999999,450639.4570000003,92910.873,1025775.5475,74515.98300000001,803574.9519999995,394634.34750000003,24.047044411301613,32.1091625578847,79.63072239092726,48.996802787482736,7.50154755572108,10.238103598765088,13.090372436980761,8.049169353660073,9.61442742520763,10.031193533251358,12.404064521674183,14.521822570216262,14.687903256570134,3.6942741947729254,4.707032258958825,5.37448387712,2387.289987017361,550.8357359650406,1805.0398783442083,519.1562000417636,571.0361083994686,276.6921503459839,4556.893613825225,4090.3549767282857,7.53023144178591,3.3422878892778782,466.5386370969347,2.279630123221461,68.86641793187833
2091-01-01,115450.25700000003,425774.48000000045,48875.47049999998,54185.45549999996,90696.23649999991,458319.5275000003,94504.649,1037826.025,75346.6695,813737.9899999995,401665.48150000005,23.515391197800636,29.838508976265437,73.99950138262648,47.34030273407698,7.565965576223388,10.415018982388506,13.361651181206616,8.127870966301808,9.68092742370021,10.091806436354108,12.453435489631463,14.57162901586101,14.749758095895086,3.8023064516154266,4.7902258055885465,5.433854844961918,2387.6067739453824,553.9783683619537,1793.4861080080104,519.1562000417636,584.4014286538697,276.6921503459839,4562.183500407317,4095.6448633103782,7.53023144178591,3.3422878892778782,466.5386370969347,2.279630123221461,68.87823706108591
2092-01-01,112015.88050000001,408090.58150000044,47569.79099999998,52968.58949999996,86954.5224999999,435276.5690000003,90583.83200000001,1010058.4925,72539.4125,792220.5399999995,383974.19450000004,23.75520719587803,30.67791222409869,76.0812213533296,46.84007575958967,7.352654365212365,9.9179736127325,12.678829408577803,8.005548387621676,9.563080653644379,9.964129015514924,12.37925806833851,14.52559676401076,14.69541937766536,3.631838707905262,4.600564518865317,5.232838714567405,2381.2068754492025,559.1650667812895,1805.5923222033332,504.1237016360695,568.5052084925779,276.6921503459839,4475.641901937019,4015.543575573036,7.53023144178591,3.3422878892778782,460.0983263639785,2.279630123221461,69.06221255268854
2093-01-01,112438.17100000002,401203.2360000005,47659.37349999999,50376.15999999995,87361.2324999999,425891.4015000003,90222.93500000001,956902.7870000001,73390.18000000001,751009.2494999996,374397.514,23.682689848542214,30.68021061103791,76.08692135326564,47.19846978634596,6.932559389466914,9.566367687303796,12.432266282258752,7.9744758083455,9.520596794351455,9.906427400919695,12.40300000040761,14.538306439307423,14.701145182117335,3.545951611034932,4.5028871020812895,5.111709680408241,2414.258813764836,560.254177972637,1841.5794051047542,501.1902820929643,559.6685780099899,300.27934701823335,4466.8552101046935,4017.8461834342743,7.53023144178591,3.3422878892778782,449.0090266704148,2.279630123221461,68.6035734516526
2094-01-01,110013.52250000004,384199.7050000005,47066.780499999986,49664.235999999946,84493.07499999991,409500.0210000003,86513.28450000001,894560.2260000001,70421.763,704681.2219999995,355385.4060000001,22.996634259819984,28.927621936611832,71.74050167314708,46.83068185299635,6.576843142142897,9.212017940988085,12.185552548777741,8.004024189950956,9.537274217028772,9.91424191824851,12.525596766510308,14.618387088467992,14.768919374865868,3.4824516116040605,4.456161297962909,5.059564519144837,2430.01958034622,559.5999858022137,1862.0027386293928,497.34730689282435,536.0982609769944,300.27934701823335,4375.0066165992075,3930.6032858388267,7.53023144178591,3.3422878892778782,444.4033307603768,2.279630123221461,68.46488138606267
2095-01-01,104683.46200000003,371234.7760000004,44527.92649999999,44960.13599999994,80753.79549999992,399021.8655000004,83529.462,907080.8230000002,67525.79000000001,719586.9969999995,345444.5540000001,24.79156452715397,33.94183950405568,84.17576072923839,48.64184823483229,6.697752095598079,9.03140355513708,11.896298924903931,8.047725800208504,9.568233887034078,9.940072560887177,12.529370960304805,14.616951605581463,14.775387112555961,3.566080645486833,4.519516135184395,5.1047580684625355,2405.137106563154,557.600803437856,1841.4972237828176,473.0522162399683,516.4789074157582,261.7591056544579,4245.664716580009,3801.2613858196282,7.53023144178591,3.3422878892778782,444.4033307603768,2.279630123221461,68.6914751851493
2096-01-01,103149.63900000005,368744.25450000045,43855.54599999999,44628.19299999994,79745.23799999992,400384.3360000004,82658.485,920020.2040000003,66359.08,729687.5609999995,341142.2825000001,23.164255467057227,29.86608128529042,74.06788051836193,46.313212065398695,6.617228747445961,8.737802840198423,11.468162973854305,7.947806447215615,9.495129049401129,9.855346758711718,12.407338698640936,14.538967723231158,14.682241949727452,3.488274195685142,4.4512903275839495,5.028451616124762,2443.1478021226703,562.6580852708661,1851.8552875414287,473.0522162399683,514.179500434691,261.7591056544579,4286.974511033926,3843.777444040659,7.53023144178591,3.3422878892778782,443.19706699326287,2.279630123221461,68.46261744708114
2097-01-01,94409.50500000005,333962.34050000046,41215.73299999999,42460.000999999946,72980.70899999992,357500.8900000004,75233.549,812875.8330000003,60326.492000000006,646782.8274999995,308552.5020000001,22.757943144440652,27.75668562632054,68.83657943718136,44.93587871044874,5.98543572538324,8.08366725593362,10.650733963889616,7.810048384868326,9.368338723144223,9.729983856024276,12.387790311728745,14.526854822712556,14.668258072483917,3.232306453816954,4.209822581260795,4.791709678427829,2377.8541604164775,555.3373097817663,1800.5713973779427,422.06088505028595,462.4716484473598,251.71899609111023,3977.4592540093136,3561.263472115432,14.66139909199779,6.5021929653738315,416.19578189387767,2.279630123221461,69.31863854832082
2098-01-01,79890.87600000005,291402.85050000047,33753.765499999994,33881.37349999994,61250.172999999915,307038.1275000004,64619.123,743045.3070000004,50728.6755,592201.0919999995,276337.7400000001,22.67829023897648,27.48825813513249,68.17087926380336,44.39548516720534,5.607475289797867,7.44745145983245,9.806191376726748,7.834967737476667,9.383661300713015,9.744830629325678,12.48177418612664,14.61648384678748,14.761274198562862,3.188161292188471,4.150838709763821,4.728387101739647,2272.5530928737835,548.8408543651675,1700.2249151121837,354.66017441137967,402.48209808408467,163.1252439769463,3499.2788200846417,3097.7819616985753,14.832365753174514,6.573737174945826,401.4968583860619,2.279630123221461,70.73771609152112
2099-01-01,81457.46800000005,293605.28900000046,34957.55399999999,34674.41799999994,61926.91199999992,306847.71400000044,65001.057499999995,742668.4140000005,51970.79400000001,592750.5799999995,278514.56400000013,22.695394483208656,27.719749891571702,68.74497861377895,43.08786416500807,5.7510520535267915,7.8089822787521594,10.440228328378907,7.917870961129661,9.455983880835195,9.820048374322148,12.507258054325648,14.64093545021549,14.795435489377661,3.3284838703641255,4.271032253649806,4.844661293851754,2219.2320994119723,548.0782873785287,1682.0511623968582,350.81719921123965,404.19914211358343,163.1252439769463,3441.1758816933143,3056.8781156565383,19.064078572412882,8.457314188438762,384.29776603677186,2.279630123221461,71.79077843814297
